,UP,Nom_complet,X (UTM 18 Sud),Y (UTM 18 Sud),Alt.,Dev. Topo,Dev.estimé,Prof.,Topo.,Termine?,Secteur,Commentaire,Explorateurs,ARCHEO,Unnamed: 14,Unnamed: 15,Unnamed: 16,Unnamed: 17,Unnamed: 18,Unnamed: 19,Unnamed: 20,Unnamed: 21,Unnamed: 22,Unnamed: 23,Unnamed: 24,Unnamed: 25,Unnamed: 26,Unnamed: 27,Unnamed: 28,Unnamed: 29,Unnamed: 30,Unnamed: 31,X (UTM 18 Sud).1,Y (UTM 18 Sud).1,Unnamed: 34,Unnamed: 35,NomCadastre
0,2008,Perte du Masque et de la Plume,473667.0,4416955.0,90,1156.0,,-66,oui,oui,Guarello,Instrumenté,,,,,,,,,,,,,,,,,,,,,473.667,4416.955,473667,4416955,LeMasqueEtLaPlume
1,2008,El Abrito del Viento,469367.0,4421504.0,407,430.0,20,-197,oui,oui,Madre de Dios (Bande de Grès Sud),Arrêt sur Voute Mouillante très étroite,,,,,,,,,,,,,,,,,,,,,469.367,4421.504,469367,4421504,AbrigoDelViento
2,2008,Sumidero Piquante,469510.0,4421914.0,191,450.0,,-147,oui,oui,Madre de Dios (Bande de Grès Sud),Arrêt sur méandre trop étroit,,,,,,,,,,,,,,,,,,,,,469.51,4421.914,469510,4421914,SumideroPiquante
3,2008,Gouffre d'Aguilucho,470302.0,4421526.0,73,302.0,,-97,oui,non,Madre de Dios (Bande de Grès Sud),Siphon amont - aval,,,,,,,,,,,,,,,,,,,,,470.302,4421.526,470302,4421526,GouffreAguilucho
4,2008,Exurgence du Picaflor,470298.0,4421336.0,10,40.0,,5,oui,oui,Madre de Dios (Bande de Grès Sud),Résurgence,,,,,,,,,,,,,,,,,,,,,470.298,4421.336,470298,4421336,ExsurgencePicaflor
5,2008,Porche de l'Impatiance,471000.0,4420800.0,30,50.0,,20,topo,oui,Madre de Dios (Bande de Grès Sud),Coordonnées (pointage carte) - tectonique,,,,,,,,,,,,,,,,,,,,,471.0,4420.8,471000,4420800,PorcheDeLImpatience
6,2008,Pequina Sud,,,,,20,-17,croquis,oui,Madre de Dios (Bande de Grès Sud),,,,,,,,,,,,,,,,,,,,,,,,0,0,PequinaSud
7,2008,Sima del Col,469700.0,4421477.0,348,,30,-30,croquis,oui,Madre de Dios (Bande de Grès Sud),,,,,,,,,,,,,,,,,,,,,,469.7,4421.477,469700,4421477,SimaDelCol
8,2008,MD-BDGS01,470451.0,4422187.0,192,,,,non,non,Madre de Dios (Bande de Grès Sud),"cavité non explorée (salle, arrêt sur P20)",,,,,,,,,,,,,,,,,,,,,470.451,4422.187,470451,4422187,MD-BDGS01
9,2008,MD-BDGS02,469167.0,4420570.0,461,,,,,oui,Madre de Dios (Bande de Grès Sud),Zone de pertes colmaté par les grés - fin de prospection bande de grès,,,,,,,,,,,,,,,,,,,,,469.167,4420.57,469167,4420570,MD-BDGS02
10,2008,MD-BDGS03,470593.0,4421961.0,71,,20,-15,non,oui,Madre de Dios (Bande de Grès Sud),,,,,,,,,,,,,,,,,,,,,,470.593,4421.961,470593,4421961,MD-BDGS03
11,2008,MD-BDGS04,469430.0,4420543.0,536,,,,,non,Madre de Dios (Bande de Grès Sud),puits sur lapiaz repéré (P40),,,,,,,,,,,,,,,,,,,,,469.43,4420.543,469430,4420543,MD-BDGS04
12,2008,MD-BDG05,469163.0,4421761.0,310,,,,,non,Madre de Dios (Bande de Grès Sud),P15 repéré non descendu : fin prospection bande de grès sud,,,,,,,,,,,,,,,,,,,,,469.163,4421.761,469163,4421761,MD-BDG05
13,2008,Grotte du Plein Cintre,473616.0,4425884.0,215,500.0,50,+45--34,oui,oui,Madre de Dios (Mont Roberto Est),"Résurgence (arrêt sur siphon, intstrumenté)",,,,,,,,,,,,,,,,,,,,,473.616,4425.884,473616,4425884,PleinCintre
14,2008,Emergence du Barillet,472922.0,4425932.0,436,64.0,,21,oui,oui,Madre de Dios (Mont Roberto Est),Amont de la détente,,,,,,,,,,,,,,,,,,,,,472.922,4425.932,472922,4425932,EmergenceBarillet
15,2008,Gouffre de la Gachette,473027.0,4425922.0,428,,40,-15,croquis,oui,Madre de Dios (Mont Roberto Est),cavité explorée (jonction avec puits d'entrée de la Détente),,,,,,,,,,,,,,,,,,,,,473.027,4425.922,473027,4425922,GouffreDeLaGachette
16,2008,Perte de l'Acharné,473027.0,4425450.0,334,,45,-43,croquis,oui,Madre de Dios (Mont Roberto Est),,,,,,,,,,,,,,,,,,,,,,473.027,4425.45,473027,4425450,Perte de l'Acharné
17,2008,Perte sans nom,,,,,25,-15,croquis,oui,Madre de Dios (Mont Roberto Est),30 mètres au dessus de la Détente,,,,,,,,,,,,,,,,,,,,,,,0,0,Perte sans nom
18,2008,Perte n° 18,473067.0,4425846.0,422,57.0,,-34,oui,oui,Madre de Dios (Mont Roberto Est),,,,,,,,,,,,,,,,,,,,,,473.067,4425.846,473067,4425846,Perte n° 18
19,2008,Résurgence de la plage,471328.0,4422992.0,3,380.0,,+25--28,topo,non,Madre de Dios (Mont Roberto Ouest),Arrêt sur galerie exondé post S1 (-28m-200m),,,,,,,,,,,,,,,,,,,,,471.328,4422.992,471328,4422992,ResurgenceDeLaPlage
20,2008,Grotte de l'Evier,473527.0,4428264.0,195,75.0,,-60,oui,non,Madre de Dios (Perte du Temps),Arrêt sur puits à finir par beau temps : entrée de la perte du temps ?,,,,,,,,,,,,,,,,,,,,,473.527,4428.264,473527,4428264,GrotteEvier
21,2008,Bob l'Eponge,473372.0,4427993.0,200,,60,-40,croquis,oui,Madre de Dios (Perte du Temps),"petite perte, arrêt sur siphon",,,,,,,,,,,,,,,,,,,,,473.372,4427.993,473372,4427993,BobLEponge
22,2008,Cueva Gringa,472980.0,4428693.0,154,,30,-30,croquis,oui,Madre de Dios (Perte du Temps),petite perte,,,,,,,,,,,,,,,,,,,,,472.98,4428.693,472980,4428693,CuevaGringa
23,2008,Cueva 10H10,468779.0,4427269.0,80,341.0,160,-7-+23,topo,non,Madre de Dios (Plage Baleine),,,,,,,,,,,,,,,,,,,,,,468.779,4427.269,468779,4427269,Cueva10H10
24,2008,Abri Cotier,468749.0,4428616.0,2,80.0,,5,topo,oui,Madre de Dios (Plage Baleine),Occupation humaine,,OUI,,,,,,,,,,,,,,,,,,,468.749,4428.616,468749,4428616,AbriCotier
25,2008,Grotte du bout du monde,,,40,125.0,,-15,oui,non,Madre de Dios (Plage Baleine),arrêt sur rien! ,,,,,,,,,,,,,,,,,,,,,,,0,0,Grotte du bout du monde
26,2008,Résurgence 3 plage de la Baleine,,,,,,,croquis,non,Madre de Dios (Plage Baleine),200 l-s (os de baleine),,,,,,,,,,,,,,,,,,,,,,,0,0,Résurgence 3 plage de la Baleine
27,2008,Résurgence 5 plage de la Baleine,,,,,,,croquis,non,Madre de Dios (Plage Baleine),500 l-s (os de baleine),,,,,,,,,,,,,,,,,,,,,,,0,0,Résurgence 5 plage de la Baleine
28,2008,Résurgence 9 plage de la Baleine,468617.0,4427344.0,40,,10,0,croquis,non,Madre de Dios (Plage Baleine),Arrêt sur escalade,,,,,,,,,,,,,,,,,,,,,468.617,4427.344,468617,4427344,Résurgence 9 plage de la Baleine
29,2008,Grotte 20 plage de la Baleine,468950.0,4428050.0,20,,40,,croquis,oui,Madre de Dios (Plage Baleine),,,,,,,,,,,,,,,,,,,,,,468.95,4428.05,468950,4428050,Grotte20PlageDeLaBaleine
30,2008,Abri du Cerfeuil,469246.0,4429044.0,183,,,,oui,oui,Madre de Dios (Plage Baleine),Occupation humaine,,OUI,,,,,,,,,,,,,,,,,,,469.246,4429.044,469246,4429044,AbriDuCerfeuil
31,2008,Cueva Ayayema,476883.0,4424327.0,,,,,,oui,Madre de Dios (Senio Eleuterio),Coordonnées 2000 fausses (repointage 2008),,,,,,,,,,,,,,,,,,,,,476.883,4424.327,476883,4424327,CuevaAyayema
32,2008,Grotte du Dyke,476461.0,4423410.0,,,,,,oui,Madre de Dios (Senio Eleuterio),Callote hoxipitale,,OUI,,,,,,,,,,,,,,,,,,,476.461,4423.41,476461,4423410,GrotteDuDyke
33,2008,Résurgence du Champignon,477682.0,4426231.0,0,,,,,non,Madre de Dios (Senio Eleuterio),résurgences sous marine repéré (-25 mètres),,,,,,,,,,,,,,,,,,,,,477.682,4426.231,477682,4426231,ResurgenceDuChampignon
34,2008,Cueva La-Bas,472569.0,4429495.0,270,429.0,,-233,oui,oui,Madre de Dios (Soublette),Arrêt sur siphon,,,,,,,,,,,,,,,,,,,,,472.569,4429.495,472569,4429495,CuevaLaBas
35,2008,Perte des Dents,472991.0,4429200.0,250,505.0,,-160,oui,oui,Madre de Dios (Soublette),Arrêt sur siphon,,,,,,,,,,,,,,,,,,,,,472.991,4429.2,472991,4429200,PerteDesDents
36,2008,Sima Juanito,472888.0,4429344.0,233,205.0,,-134,topo,non,Madre de Dios (Soublette),arrêt sur rien (attention à la crue),,,,,,,,,,,,,,,,,,,,,472.888,4429.344,472888,4429344,SumideroJuanito
37,2008,Cueva Ardilla,472675.0,4429462.0,245,,70,-70,topo,non,Madre de Dios (Soublette),Arrêt sur ?,,,,,,,,,,,,,,,,,,,,,472.675,4429.462,472675,4429462,CuevaArdilla
38,2008,Pozo en Bosque,472620.0,4429466.0,237,,35,-35,croquis,oui,Madre de Dios (Soublette),,,,,,,,,,,,,,,,,,,,,,472.62,4429.466,472620,4429466,PozoEnBosque
39,2008,Pozo 2 en Caliza,472373.0,4429958.0,300,,70,-70,croquis,oui,Madre de Dios (Soublette),,,,,,,,,,,,,,,,,,,,,,472.373,4429.958,472373,4429958,Pozo 2 en Caliza
40,2008,Pozo 1 en Caliza,472414.0,4429499.0,281,,30,-30,croquis,oui,Madre de Dios (Soublette),,,,,,,,,,,,,,,,,,,,,,472.414,4429.499,472414,4429499,Pozo 1 en Caliza
41,2008,MD-SOU01,472798.0,4429403.0,260,,50,-30,croquis,oui,Madre de Dios (Soublette),,,,,,,,,,,,,,,,,,,,,,472.798,4429.403,472798,4429403,MD-SOU01
42,2008,MD-SOU02,472768.0,4429435.0,265,,50,-35,croquis,oui,Madre de Dios (Soublette),,,,,,,,,,,,,,,,,,,,,,472.768,4429.435,472768,4429435,MD-SOU02
43,2008,Doline Calafate,473125.0,4428203.0,250,,,,non,non,Madre de Dios (Soublette),"rebouchée par éboulis, restes archéologiques",,OUI,,,,,,,,,,,,,,,,,,,473.125,4428.203,473125,4428203,DolineCalafate
44,2008,Cueva Pirates,790220.0,4452363.0,10,370.0,300,40,topo,non,Madre de Dios (Trinidad),résurgence (courant d'air arrêt sur puits),,,,,,,,,,,,,,,,,,,,,790.22,4452.363,790220,4452363,CuevaPirates
45,2008,Cueva No Time,490289.0,4451286.0,35,,640,-15-+25,croquis,non,Madre de Dios (Trinidad),2 entrées,,,,,,,,,,,,,,,,,,,,,490.289,4451.286,490289,4451286,CuevaNoTime
46,2008,Résurgence NoTime,490289.0,4451286.0,3,,70,8,croquis,non,Madre de Dios (Trinidad),Débit estimé: 1m3-s,,,,,,,,,,,,,,,,,,,,,490.289,4451.286,490289,4451286,ResurgenceNoTime
47,2008,Cueva Rapido1,482677.0,4454593.0,20,,240,45,croquis,oui,Madre de Dios (Trinidad),3 entrées,,,,,,,,,,,,,,,,,,,,,482.677,4454.593,482677,4454593,CuevaRapido1
48,2008,Cueva Rapido2,482677.0,4454593.0,30,,150,30,croquis,oui,Madre de Dios (Trinidad),2 entrées,,,,,,,,,,,,,,,,,,,,,482.677,4454.593,482677,4454593,CuevaRapido2
49,2008,Cueva Nutria,490541.0,4453870.0,20,,50,20,croquis,oui,Madre de Dios (Trinidad),Occupation humaine,,OUI,,,,,,,,,,,,,,,,,,,490.541,4453.87,490541,4453870,CuevaNutria
50,2008,Porche,490289.0,4451286.0,70,,50,,croquis,oui,Madre de Dios (Trinidad),Porche,,,,,,,,,,,,,,,,,,,,,490.289,4451.286,490289,4451286,Porche
51,2008,Grotte,490604.0,4450548.0,,,35,,croquis,oui,Madre de Dios (Trinidad),,,,,,,,,,,,,,,,,,,,,,490.604,4450.548,490604,4450548,Grotte
52,2008,Abri,475478.0,4450597.0,5,,,,croquis,oui,Madre de Dios (Trinidad),Occupation humaine,,OUI,,,,,,,,,,,,,,,,,,,475.478,4450.597,475478,4450597,Abri1
53,2008,Porche,476260.0,4449342.0,30,,30,,croquis,oui,Madre de Dios (Trinidad),3 entrées,,,,,,,,,,,,,,,,,,,,,476.26,4449.342,476260,4449342,Porche
54,2008,Abri,476162.0,4461336.0,2,,,,croquis,oui,Madre de Dios (Trinidad),Occupation humaine,,OUI,,,,,,,,,,,,,,,,,,,476.162,4461.336,476162,4461336,Abri2
55,2008,Cueva Rien,475729.0,4450525.0,,,,,croquis,oui,Madre de Dios (Trinidad),3 grottes,,,,,,,,,,,,,,,,,,,,,475.729,4450.525,475729,4450525,CuevaRien
56,2008,Grotte des 3 Porches,485618.0,4444774.0,60,280.0,120,-32-+17,topo,non,Madre deDios (Barros Luco),Arrêt sur puits,,,,,,,,,,,,,,,,,,,,,485.618,4444.774,485618,4444774,TroisPorches
57,2008,Grotte des 3 Porches,485602.0,4444774.0,60,,,,,oui,Madre deDios (Barros Luco),Occupation humaine,,OUI,,,,,,,,,,,,,,,,,,,485.602,4444.774,485602,4444774,TroisPorches
58,2008,Cueva des los Pescadores,482449.0,4444663.0,40,200.0,,40,topo,oui,Madre deDios (Barros Luco),résurgence,,,,,,,,,,,,,,,,,,,,,482.449,44446.63,482449,44446630,CuevaDesLosPescadores
59,2008,Résurgence 2 du Canyon,478266.0,4438945.0,0,40.0,,-4-+2,topo,non,Madre deDios (Barros Luco),Arrêt sur galerie exondé post S1 (-4m-30m),,,,,,,,,,,,,,,,,,,,,478.266,4438.945,478266,4438945,Resurgence2DuCanyon
60,2008,Résurgence 3,485684.0,4444706.0,0,,,,,non,Madre deDios (Barros Luco),2 m3-s,,,,,,,,,,,,,,,,,,,,,485.684,4444.706,485684,4444706,Résurgence 3
61,2008,Grotte de Tarlton,468000.0,4417000.0,30,,100,,croquis,oui,Tarlton (Pointe pacifique),Coordonnées (pointage carte) - Intérêt karsto,,,,,,,,,,,,,,,,,,,,,468.0,4417.0,468000,4417000,GrotteDeTarlton
62,2008,TAR01,470651.0,4418054.0,294,,,,non,non,Tarlton (sud grand col),"cavité repérée, non explorée",,,,,,,,,,,,,,,,,,,,,470.651,4418.054,470651,4418054,TAR01
63,2008,TAR02,470567.0,4417883.0,380,,,,non,non,Tarlton (sud grand col),"cavité repérée, non explorée",,,,,,,,,,,,,,,,,,,,,470.567,4417.883,470567,4417883,TAR02
64,2008,TAR03,470359.0,4417650.0,525,,,,non,non,Tarlton (sud grand col),"cavité repérée, non explorée",,,,,,,,,,,,,,,,,,,,,470.359,4417.65,470359,4417650,TAR03
65,2008,TAR04,470446.0,4417762.0,476,,,,non,non,Tarlton (sud grand col),"cavité repérée, non explorée",,,,,,,,,,,,,,,,,,,,,470.446,4417.762,470446,4417762,TAR04
66,2008,TAR05,470679.0,4418000.0,340,,,,non,non,Tarlton (sud grand col),"cavité repérée, non explorée (plus d'autres cavités dans le même secteur)",,,,,,,,,,,,,,,,,,,,,470.679,4418.0,470679,4418000,TAR05
67,2010,Perte Inattendue,472890.0,4429492.0,294,1274.0,1274,-226,OK,non,Camp 1,Perte sur contact grès calcaires. Un moins un aflfuent pénétrable n'a pas été topographié.,"Florence, Laurent, Jo, Olivier T, Thomas, Cédric",,,,,,,,,,,,,,,,,,,,472.89,4429.492,472890,4429492,PerteInattendue
68,2010,La Perte Ambrée,472672.0,4429457.0,249,103.0,103,-81,topo,oui,Camp 1,arrêt méandre impénétrable,"Laurent C, Pierre",,,,,,,,,,,,,,,,,,,,472.672,4429.457,472672,4429457,PerteAmbree
69,2010,Cueva de Las Lapas,,,,,3,3,croquis,oui,Camp 1,,"Richard, Olivier T, Jean-Francois P",,,,,,,,,,,,,,,,,,,,,,0,0,CuevaDeLasLapas
70,2010,porche,471557.0,4429685.0,399,,,?,,?,Camp 1,Porche jef (voir + bas),Laurent M,,,,,,,,,,,,,,,,,,,,471.557,4429.685,471557,4429685,porche
71,2010,perte-faille,472343.0,4429312.0,309,,?,?,,?,Camp 1,,Laurent M,,,,,,,,,,,,,,,,,,,,472.343,4429.312,472343,4429312,PerteFaille
72,2010,sortie traversée,471527.0,4429604.0,415,,?,?,,?,Camp 1,,Laurent M,,,,,,,,,,,,,,,,,,,,471.527,4429.604,471527,4429604,sortie traversée
73,2010,Trou serrure entrée,471546.0,4429667.0,407,,?,?,,?,Camp 1,,Laurent M,,,,,,,,,,,,,,,,,,,,471.546,4429.667,471546,4429667,Trou serrure entrée
74,2010,grotte jef,471601.0,4429940.0,413,,,?,,,Camp 1,h9.5 prof10m long20m,Laurent M,,,,,,,,,,,,,,,,,,,,471.601,4429.94,471601,4429940,grotte jef
75,2010,Aven grd diam,471184.0,4431010.0,275,,,?,,,Camp 1,axe probable sur faille,Laurent M,,,,,,,,,,,,,,,,,,,,471.184,4431.01,471184,4431010,Aven grd diam
76,2010,perte 2,472620.0,4429463.0,249,,,?,,,camp1,,,,,,,,,,,,,,,,,,,,,,472.62,4429.463,472620,4429463,perte 2
77,2010,Perte des 4 champi,474306.0,4431894.0,207,420.0,420,-165,OK,non,Camp 2,Exploré mais non topo jusqu'à -200 env. arrêt sur rien,"Sylvain, Cédric, José, Olivier G, Isa, ",,,,,,,,,,,,,,,,,,,,474.306,4431.894,474306,4431894,PerteDesQuatreChampignons
78,2010,Golden Igue,,,,0.0,90,-73,topo,oui,Camp 2,"jonction à la voix avec la perte des 4 champi, à proximité du James Bonde","Florian, Olivier G",,,,,,,,,,,,,,,,,,,,,,0,0,GoldenIgue
79,2010,Gouffre de la Gazelle,474630.0,4432456.0,153,505.0,505,-65,OK,oui,Camp 2,"explo topo équipe 1 du camp 2 (""les doigts bleus"") le 31-01-2010. Gazelle et Alouette communiquent (même sans radio…)","Arnaud, Fabien, Bruno, Denis, Steph",,,,,,,,,,,,,,,,,,,,474.63,4432.456,474630,4432456,GouffreGazelle
80,2010,Evêque Cauchon,474370.0,4432520.0,74,235.0,235,-58,topo,oui,Camp 2,"Découverte par equipe 1 du camp 2 le 02-02-2010. Topographié ensuite par équipe du camp 4. Accés collecteur local, débit >100 L-s","Cédric, Vanessa, Bruno, Didier, Fabien, Stéphane, Denis, Arnauld",,,,,,,,,,,,,,,,,,,,474.37,4432.52,474370,4432520,EvequeCauchon
81,2010,James Bonde,474215.0,4431943.0,230,0.0,70,-54,topo,oui,Camp 2,A proximité du Golden Igue,"Florian, Olivier G",,,,,,,,,,,,,,,,,,,,474.215,4431.943,474215,4431943,JamesBonde
82,2010,Perte Notocanada ,,,,,35,-35,croquis,oui,Camp 2,"Deux puits qui s'enchainent, fracturés.",,,,,,,,,,,,,,,,,,,,,,,0,0,PerteNotoCanada
83,2010,Grotte de la fausse Pucelle,475586.0,4431730.0,130,117.0,117,-30,topo,oui,Camp 2,"redécouverte par équipe 1 du camp 2 le 01-02-2010 (découverte ""oubliée"" (non topo) par Richard et Jo en raid-éclair en 2000 depuis camp perte du Temps), env. 3 m3-s en crue. Située une centaine de mètres en amont (vers l'est) de la Fausse Pucelle).",Les doigts bleus,,,,,,,,,,,,,,,,,,,,475.586,4431.73,475586,4431730,GrotteFaussePucelle
84,2010,Grotte de la Cacahuete,,,,186.0,186,-21,OK,oui,Camp 2,"redécouverte par équipe 1 du camp 2 le 01-02-2010 (découverte ""oubliée"" (non topo) par Richard et Jo en raid-éclair en 2000 depuis camp perte du Temps), située une cinquantaine de mètres en rive droite de la perte de la Jeanne dans un renfoncement de falaise.",Les doigts bleus,,,,,,,,,,,,,,,,,,,,,,0,0,GrotteCacahuete
85,2010,Perte du Jump,474413.0,4431894.0,191,,15,-15,croquis,oui,Camp 2,Perte sur faille,"Olivier G, Sylvain",,,,,,,,,,,,,,,,,,,,474.413,4431.894,474413,4431894,PerteDuJump
86,2010,Grotte Grande Soeur,468326.0,4422439.0,360,0.0,20,-13,croquis,oui,Camp 2,,Florian,,,,,,,,,,,,,,,,,,,,468.326,4422.439,468326,4422439,GrotteGrandeSoeur
87,2010,Faille du Coinceur,474282.0,4432118.0,190,0.0,11,-11,croquis,oui,Camp 2,Descente sur un coinceur et un spit: on n'a gâché qu'un seul spit,Florian,,,,,,,,,,,,,,,,,,,,474.282,4432.118,474282,4432118,FailleDuCoinceur
88,2010,Igue du Plouc,474109.0,4432134.0,200,0.0,12,-9,croquis,oui,Camp 2,"""enfin une igue sur MDD""",Florian,,,,,,,,,,,,,,,,,,,,474.109,4432.134,474109,4432134,IgueDuPlouc
89,2010,Cueva de la fin de Matinas,474488.0,4432062.0,170,0.0,20,-6,croquis,oui,Camp 2,plus de temps à enfiler la combi que d'explo!,Florian,,,,,,,,,,,,,,,,,,,,474.488,4432.062,474488,4432062,CuevaDeLaFinDeMatinas
90,2010,Porche de la Crevette,,,,,10,-5,croquis,oui,Camp 2,"Porche effondré, sans suite évidente",Les doigts bleus,,,,,,,,,,,,,,,,,,,,,,0,0,PorcheDeLaCrevette
91,2010,Perte de la Jeanne d'Arc,,,,,0,0,croquis,oui,Camp 2,"Perte gigantesque, >1 m3-s. Impénétrable car effondrée",Les doigts bleus,,,,,,,,,,,,,,,,,,,,,,0,0,PerteJeanneDArc
92,2010,Grotte de l'Alouette,474630.0,4432456.0,153,,,,topo,oui,Camp 2,"explo topo équipe 1 du camp 2 (""les doigts bleus"") le 31-01-2010. Gazelle et Alouette communiquent (même sans radio…)",,,,,,,,,,,,,,,,,,,,,474.63,4432.456,474630,4432456,GouffreAlouette
93,2010,Perte du Coypo,472905.0,4434743.0,253,283.0,283,-191,OK,oui,Camp 3,Perte très active présentant de beaux puits et un superbe méandre.,"Jean-Francois H, Thomas, Florian, Olivier T",,,,,,,,,,,,,,,,,,,,472.905,4434.743,472905,4434743,PerteDuCoypo
94,2010,Gouffre Félin,473028.0,4434786.0,258,294.0,294,-121,OK,oui,Camp 3,beau réseau de puits,"Olivier T, Isa, Florian, Thomas",,,,,,,,,,,,,,,,,,,,473.028,4434.786,473028,4434786,GouffreFelin
95,2010,Puits du Bourdon,473145.0,4434865.0,249,107.0,107,-48,topo,oui,Camp 3,"puits donnant sur un superbe méandre cannelé, arrêt sur étroiture","Isa, Olivier T",,,,,,,,,,,,,,,,,,,,473.145,4434.865,473145,4434865,PuitsDuBourdon
96,2010,Gros Trou,473023.0,4434914.0,252,30.0,30,-15,topo,oui,Camp 3,aven s'ouvrant dans le grès,"Isa, Olivier T",,,,,,,,,,,,,,,,,,,,473.023,4434.914,473023,4434914,GrosTrou
97,2010,Résurgence,472899.0,4435932.0,34,,10,0,,oui,Camp 3,"Résurgence sur faille, impénétrable","Isa, Olivier T",,,,,,,,,,,,,,,,,,,,472.899,4435.932,472899,4435932,Résurgence
98,2010,Résurgence,472591.0,4435495.0,119,,0,0,,oui,Camp 3,Résurgence non pénétrable,"Isa, Olivier T",,,,,,,,,,,,,,,,,,,,472.591,4435.495,472591,4435495,Résurgence
99,2010,Résurgence,472563.0,4435496.0,121,,0,0,,oui,Camp 3,Résurgence non pénétrable,"Isa, Olivier T",,,,,,,,,,,,,,,,,,,,472.563,4435.496,472563,4435496,Résurgence
100,2010,Trou des Canelures,473390.0,4434247.0,316,,,,,?,Camp 3,,Isa,,,,,,,,,,,,,,,,,,,,473.39,4434.247,473390,4434247,TrouDesCanelures
101,2010,Perte,473289.0,4434576.0,305,,,,,?,Camp 3,Perte à voir ,"Olivier T, Isa",,,,,,,,,,,,,,,,,,,,473.289,4434.576,473289,4434576,Perte1
102,2010,Aven C301,473096.0,4434992.0,334,,,,,?,Camp 3,P30 non descendu peu interessant,"Isa, Olivier T",,,,,,,,,,,,,,,,,,,,473.096,4434.992,473096,4434992,Aven C301
103,2010,Perte,474168.0,4435461.0,157,,,,,?,Camp 3,Perte à voir,"Olivier T, Isa",,,,,,,,,,,,,,,,,,,,474.168,4435.461,474168,4435461,Perte2
104,2010,Aven,472629.0,4435676.0,105,,,,,?,Camp 3,Perte très très intéressante à aller voir,"Isa, Olivier T",,,,,,,,,,,,,,,,,,,,472.629,4435.676,472629,4435676,Aven
105,2010,La Rabasse 3,473138.0,4437000.0,325,0.0,145,-50,croquis,oui,Camp 4,,José-Buldo-Vanessa,,,,,,,,,,,,,,,,,,,,473.138,4437.0,473138,4437000,LaRabasse3
106,2010,Secteur Barros Luco,473081.0,4438618.0,385,0.0,130,-50,croquis,oui,Camp 4,,José-Vanessa-Buldo-Sergio,,,,,,,,,,,,,,,,,,,,473.081,4438.618,473081,4438618,Secteur Barros Luco
107,2010,La Rabasse 1,473185.0,4437080.0,337,0.0,92,-40,croquis,oui,Camp 4,,José-Buldo-Vanessa,,,,,,,,,,,,,,,,,,,,473.185,4437.08,473185,4437080,LaRabasse1
108,2010,Cueva 3,473614.0,4437045.0,273,0.0,61,-35,croquis,oui,Camp 4,,José-Cédric,,,,,,,,,,,,,,,,,,,,473.614,4437.045,473614,4437045,Cueva3
109,2010,Cueva 7,473794.0,4437339.0,294,0.0,51,-35,croquis,oui,Camp 4,,José,,,,,,,,,,,,,,,,,,,,473.794,4437.339,473794,4437339,Cueva7
110,2010,Cueva 1,473598.0,4437045.0,290,0.0,52,-30,croquis,oui,Camp 4,,José-Cédric,,,,,,,,,,,,,,,,,,,,473.598,4437.045,473598,4437045,Cueva1
111,2010,Cueva 11,473527.0,4437152.0,338,0.0,38,-28,croquis,oui,Camp 4,,Serge-Jean Phi-Cédric,,,,,,,,,,,,,,,,,,,,473.527,4437.152,473527,4437152,Cueva11
112,2010,Cueva du Téléphone,473512.0,4437140.0,340,0.0,38,-26,croquis,oui,Camp 4,,Vanessa-Serge,,,,,,,,,,,,,,,,,,,,473.512,4437.14,473512,4437140,CuevaDuTelephone
113,2010,Cueva 8,473749.0,4437328.0,309,0.0,30,-26,croquis,oui,Camp 4,,Cédric,,,,,,,,,,,,,,,,,,,,473.749,4437.328,473749,4437328,Cueva8
114,2010,cueva,473423.0,4437558.0,492,0.0,30,-25,croquis,oui,Camp 4,,"Buldo, José, Jean Phi",,,,,,,,,,,,,,,,,,,,473.423,4437.558,473423,4437558,cueva101
115,2010,Trou du Marteau,473607.0,4437277.0,386,0.0,25,-21,croquis,oui,Camp 4,Situé au dessus du camp 4 Arrêt sur éboulis (peu d'interré),Cedric-Vanessa-Serge,,,,,,,,,,,,,,,,,,,,473.607,4437.277,473607,4437277,TrouDuMarteau
116,2010,La Rabasse 2,473066.0,4437002.0,311,0.0,35,-20,croquis,oui,Camp 4,,José-Buldo-Vanessa,,,,,,,,,,,,,,,,,,,,473.066,4437.002,473066,4437002,LaRabasse2
117,2010,cueva,473378.0,4437631.0,526,0.0,25,-20,croquis,non,Camp 4,,"Buldo, José, Jean phi",,,,,,,,,,,,,,,,,,,,473.378,4437.631,473378,4437631,cueva102
118,2010,cueva,473005.0,,401,0.0,20,-20,croquis,oui,Camp 4,,"Buldo, José, Jean Phi",,,,,,,,,,,,,,,,,,,,473.005,,473005,0,cueva103
119,2010,Cueva,473524.0,4437766.0,469,0.0,20,-20,croquis,oui,Camp 4,,"Buldo, José, Jean Phi",,,,,,,,,,,,,,,,,,,,473.524,4437.766,473524,4437766,Cueva104
120,2010,Cueva 10,473535.0,4437264.0,347,0.0,45,-15,croquis,oui,Camp 4,,José-Cédric,,,,,,,,,,,,,,,,,,,,473.535,4437.264,473535,4437264,Cueva10
121,2010,Secteur Barros Luco,473581.0,4437960.0,393,0.0,30,-15,croquis,oui,Camp 4,,José-Vanessa-Buldo-Sergio,,,,,,,,,,,,,,,,,,,,473.581,4437.96,473581,4437960,Secteur Barros Luco
122,2010,Cueva 2,473619.0,4437025.0,268,0.0,28,-15,croquis,oui,Camp 4,,José-Cédric,,,,,,,,,,,,,,,,,,,,473.619,4437.025,473619,4437025,Cueva2
123,2010,Cueva,473196.0,4437124.0,274,0.0,20,-15,croquis,oui,Camp 4,,"José, Serge, Vanessa, Buldo, Jean Phi",,,,,,,,,,,,,,,,,,,,473.196,4437.124,473196,4437124,Cueva105
124,2010,Secteur Barros Luco,473081.0,4438618.0,385,0.0,20,-12,croquis,oui,Camp 4,,José-Vanessa-Buldo-Sergio,,,,,,,,,,,,,,,,,,,,473.081,4438.618,473081,4438618,Secteur Barros Luco
125,2010,Secteur Barros Luco,473580.0,4437961.0,393,0.0,13,-10,croquis,oui,Camp 4,,José-Vanessa-Buldo-Sergio,,,,,,,,,,,,,,,,,,,,473.58,4437.961,473580,4437961,Secteur Barros Luco
126,2010,Cueva 12,473519.0,4437155.0,335,0.0,33,-8,croquis,oui,Camp 4,,Serge-Jean Phi-Cédric (porche),,,,,,,,,,,,,,,,,,,,473.519,4437.155,473519,4437155,Cueva12
127,2010,Cueva 5,473690.0,4437099.0,272,0.0,24,-8,croquis,oui,Camp 4,,José-Cédric,,,,,,,,,,,,,,,,,,,,473.69,4437.099,473690,4437099,Cueva5
128,2010,Cueva 13,473520.0,4437115.0,8,0.0,15,-8,croquis,oui,Camp 4,,Serge-Jean Phi-Cédric,,,,,,,,,,,,,,,,,,,,473.52,4437.115,473520,4437115,Cueva13
129,2010,Secteur Barros Luco,473276.0,4437291.0,412,0.0,15,-8,croquis,oui,Camp 4,,José-Vanessa-Buldo-Sergio,,,,,,,,,,,,,,,,,,,,473.276,4437.291,473276,4437291,Secteur Barros Luco
130,2010,Porche 2 Os de Baleine,471000.0,4440731.0,9,0.0,120,15,croquis,oui,Camp 4 Plage Pacifique,Découverte d'ossements de baleine et de lobos (photos disponibles),Jean Phi-Cédric (os baleine+coquillages),,,,,,,,,,,,,,,,,,,,471.0,4440.731,471000,4440731,PorcheBaleine
131,2010,Porche 1,470851.0,4437247.0,13,0.0,50,30,croquis,oui,Camp 4 Plage Pacifique,"Porche situé avant la plage du Pacifique sur la rive gauche de la rivière (visible depuis la fin du lapiaz du camp 4, le porche s'ouvre 30 m au-dessus de la rivière) Pas de découverte particulière.",Jean Phi-Cédric (Plage Pacifique),,,,,,,,,,,,,,,,,,,,470.851,4437.247,470851,4437247,Porche1
132,2010,C4T2,473138.0,4437000.0,325,,,,,,Camp 4,,Buldo,,,,,,,,,,,,,,,,,,,,473.138,4437.0,473138,4437000,C4T2
133,2010,C4T3,473066.0,4437002.0,310,,,,,,Camp 4,,Buldo,,,,,,,,,,,,,,,,,,,,473.066,4437.002,473066,4437002,C4T3
134,2010,Cueva 4,473670.0,4437075.0,270,,,,,,Camp 4,,Cédric,,,,,,,,,,,,,,,,,,,,473.67,4437.075,473670,4437075,Cueva4
135,2010,C4T1,473185.0,4437080.0,337,,,,,,Camp 4,,Buldo,,,,,,,,,,,,,,,,,,,,473.185,4437.08,473185,4437080,C4T1
136,2010,C3,473587.0,4437133.0,303,,,,,,Camp 4,,Buldo,,,,,,,,,,,,,,,,,,,,473.587,4437.133,473587,4437133,C3
137,2010,C4 Cueva 6,473735.0,4437228.0,306,,,,,,Camp 4,,,,,,,,,,,,,,,,,,,,,,473.735,4437.228,473735,4437228,C4Cueva6
138,2010,C4 Cueva 9,473607.0,4437277.0,385,,,,,,Camp 4,,Cédric,,,,,,,,,,,,,,,,,,,,473.607,4437.277,473607,4437277,C4Cueva 9
139,2010,C4 SansNom10,473652.0,4437656.0,397,,,,,,Camp 4,,Cédric,,,,,,,,,,,,,,,,,,,,473.652,4437.656,473652,4437656,C4SansNom10
140,2010,C4 SansNom 9,473683.0,4437677.0,381,,,,,,Camp 4,,Cédric,,,,,,,,,,,,,,,,,,,,473.683,4437.677,473683,4437677,C4SansNom9
141,2010,C4 Nfissure 0,473577.0,4438008.0,389,,,,,,Camp 4,,Cédric,,,,,,,,,,,,,,,,,,,,473.577,4438.008,473577,4438008,C4Nfissure0
142,2010,C4 SansNom 8,473579.0,4438420.0,361,,,,,,Camp 4,,Cédric,,,,,,,,,,,,,,,,,,,,473.579,4438.42,473579,4438420,C4SansNom8
143,2010,C4 SansNom 7,473601.0,4438564.0,347,,,,,,Camp 4,,Cédric,,,,,,,,,,,,,,,,,,,,473.601,4438.564,473601,4438564,C4SansNom7
144,2010,C4 SansNom 6,473616.0,4438593.0,342,,,,,,Camp 4,,Cédric,,,,,,,,,,,,,,,,,,,,473.616,4438.593,473616,4438593,C4SansNom6
145,2010,C5 Cueva2,473599.0,4438718.0,337,,,,,,Camp 4,,Cédric,,,,,,,,,,,,,,,,,,,,473.599,4438.718,473599,4438718,C5Cueva2
146,2010,C4 SansNom 1,473407.0,4438857.0,403,,,,,,Camp 4,,Cédric,,,,,,,,,,,,,,,,,,,,473.407,4438.857,473407,4438857,C4SansNom1
147,2010,C4 SansNom 4,473028.0,4438978.0,312,,,,,,Camp 4,,Cédric,,,,,,,,,,,,,,,,,,,,473.028,4438.978,473028,4438978,C4SansNom4
148,2010,C5 Cueva3,473077.0,4439130.0,313,,,,,,Camp 4,,Cédric,,,,,,,,,,,,,,,,,,,,473.077,4439.13,473077,4439130,C5Cueva3
149,2010,C4 SansNom 3,473044.0,4439162.0,307,,,,,,Camp 4,,Cédric,,,,,,,,,,,,,,,,,,,,473.044,4439.162,473044,4439162,C4SansNom3
150,2010,C5 Cueva1,473343.0,4439239.0,391,,,,,,Camp 4,,Cédric,,,,,,,,,,,,,,,,,,,,473.343,4439.239,473343,4439239,C5 Cueva1
151,2010,Cueva de la casquette,473652.0,4437656.0,397,0.0,70,-48,croquis,oui,Camp 5 Secteur Barros Luco,Entrée étroite de la largeur du corps beau donnantsur un puit vertical style cathédrale de 30m (cavité avec plusieurs entrées),Cedric-Vanessa-Serge,,,,,,,,,,,,,,,,,,,,473.652,4437.656,473652,4437656,CuevaDeLaCasquette
152,2010,Champignon,473344.0,4439239.0,391,0.0,60,-45,croquis,oui,Camp 5 Secteur Barros Luco,Situé au dessus du camp 5 près du seul champignon du secteur. Gros puit vertical de plus de 40m qui suit une faille,Cedric,,,,,,,,,,,,,,,,,,,,473.344,4439.239,473344,4439239,Champignon
153,2010,Gouffre du Colibri,473077.0,4439130.0,313,,56,-30,topo,non,Camp 5 Doline vers Pacifique,Gouffre d'éffondrement ouvert avec possibilité de continuation mais éboulis instable (plus grosse entrée de la doline),Cedric-Jose-JeanPhilippe-Serge,,,,,,,,,,,,,,,,,,,,473.077,4439.13,473077,4439130,GouffreDuColibri
154,2010,Trou de la Plaquette,473683.0,4437677.0,382,0.0,45,-23,croquis,oui,Camp 5 Secteur Barros Luco,salle d'effondrement ouverte qui fait au gouffre de la casquette dans un alignement de gouffres qui se suivent vers le Barros Luco,Cedric-Vanessa-Serge,,,,,,,,,,,,,,,,,,,,473.683,4437.677,473683,4437677,TrouDeLaPlaquette
155,2010,Porche du Sonnar,473599.0,4438718.0,338,0.0,26,-20,croquis,oui,Camp 5 Secteur Barros Luco,arrêt sur éboulis,Cedric-Jose-JeanPhilippe-Serge,,,,,,,,,,,,,,,,,,,,473.599,4438.718,473599,4438718,PorcheDuSonnar
156,2010,Abri du Gazon,470883.0,4433935.0,35,,20,0,non,oui,Desconocido,Grand porche 20m de diamètre dans le grès en bord de plage,"Olivier T, Florian",,,,,,,,,,,,,,,,,,,,470.883,4433.935,470883,4433935,AbriDuGazon
157,2010,Résurgence,,,,,15,0,non,oui,Desconocido,Siphon pénétrable 1m3-s,"Olivier T, Florian",,,,,,,,,,,,,,,,,,,,,,0,0,Résurgence
158,2010,Résurgence,,,,,10,0,no,oui,Desconocido,siphon,"Olivier T, Florian",,,,,,,,,,,,,,,,,,,,,,0,0,Résurgence
159,2010,Résurgence,,,,,10,0,non,oui,Desconocido,siphon,"Olivier T, Florian",,,,,,,,,,,,,,,,,,,,,,0,0,Résurgence
160,2010,L'Abri-gîte,470380.0,4431713.0,1,,5,0,non,oui,Desconocido,Abri de quelques m2 avec des semblants d'occupation,"Olivier T, Florian",OUI,,,,,,,,,,,,,,,,,,,470.38,4431.713,470380,4431713,AbriGite
161,2010,Grotte du Rapace,472046.0,4433537.0,84,0.0,50,6,croquis,non,Desconocido,"joli petit méandre, arrêt sur trémie, deux petits départ laissé, sans grand intérêt","Olivier T, Florian",,,,,,,,,,,,,,,,,,,,472.046,4433.537,472046,4433537,GrotteDuRapace
162,2010,Grotte du Sud,470163.0,4431420.0,2,40.0,40,15,topo,oui,Desconocido,Porche de 40m x20m,"Florian, Olivier T",,,,,,,,,,,,,,,,,,,,470.163,4431.42,470163,4431420,GrotteDuSud
163,2010,Grotte de l'Oursin,471984.0,4433604.0,50,175.0,175,25,OK,non,Desconocido,"Résurgence fossile (?) avec gros courant d'air, au pied du lapiaz. Campement nomade probable. Patelles, os, charbons. Colobris trogloxènes morts. Jolies excentriques et concretionnement ","Olivier T, Isa, Florian, Thomas, Jean Francois H",,,,,,,,,,,,,,,,,,,,471.984,4433.604,471984,4433604,GrotteDeLOursin
164,2010,Cueva de la Madre,470109.0,4431220.0,28,532.0,532,-18-+20,OK,non,Desconocido,Porche d'entrée 60m haut par 125m de large. arrêt sur une E6 sur faille facile. ,"Florian, Olivier T",,,,,,,,,,,,,,,,,,,,470.109,4431.22,470109,4431220,CuevaDeLaMadre
165,2010,Porche,471491.0,4431944.0,20,,,,,?,Desconocido,Porche en bordure de lage non exploré. Traces humaines tres certaines.Porche 10mx5m à aller voir,"Jean Francois H, Thomas, Olivier T",,,,,,,,,,,,,,,,,,,,471.491,4431.944,471491,4431944,Porche
166,2010,Grotte du Nord,471003.0,4434013.0,0,,,,en cours,oui,Desconocido,"Petite cavité en bord de mer avec charbons, ossement, arêtes de poisson","Olivier T, Florian",,,,,,,,,,,,,,,,,,,,471.003,4434.013,471003,4434013,GrotteDuNord
167,2010,Gouffre de la Détente,473050.0,4425902.0,445,,160,-323,OK,oui,Détente,dév total: 800m,,,,,,,,,,,,,,,,,,,,,473.05,4425.902,473050,4425902,GouffreDeLaDetente
168,2010,Gouffre instantané,,,,0.0,45,-20,en cours,oui,Détente,50m de la détente. idem Aven?,"Stéphane, Laurent M",,,,,,,,,,,,,,,,,,,,,,0,0,GouffreInstantané
169,2010,Aven,473026.0,4425860.0,450,,,,,,Détente,a explorer - photo 221,,,,,,,,,,,,,,,,,,,,,473.026,4425.86,473026,4425860,Aven
170,2010,Aven,473542.0,4426174.0,357,0.0,,,,,Détente,P20? photo 200-202,,,,,,,,,,,,,,,,,,,,,473.542,4426.174,473542,4426174,Aven
171,2010,Gouffre 36,469283.0,4422857.0,392,,50,-45,croquis,oui,Lobos,,"Denis, Olivier T",,,,,,,,,,,,,,,,,,,,469.283,4422.857,469283,4422857,Gouffre36
172,2010,Gouffre des Mousquetaires,469809.0,4422763.0,298,,56,-44,topo,oui,Lobos,arrêt sur trémie,"Arnauld, Laurent C, Cédric",,,,,,,,,,,,,,,,,,,,469.809,4422.763,469809,4422763,GouffreDesMousquetaires
173,2010,Gouffre de l'Arche,469950.0,4422849.0,310,,,-32,topo,oui,Lobos, arrêt méandre impénétrable,"Cédric, Arnault, Laurent C",,,,,,,,,,,,,,,,,,,,469.95,4422.849,469950,4422849,GouffreDeLArche
174,2010,Gouffre du Canyon,,,,,75,-29,topo,non,Lobos,"Suite de petits ressauts dans méandre. Arrêt sur trémie, suite visible mais impénétrable","Arnauld, Denis, Olivier T",,,,,,,,,,,,,,,,,,,,,,0,0,GouffreDuCanyon
175,2010,Gouffre à la tête d'Ours,469828.0,4422922.0,332,,25,-22,croquis,oui,Lobos,,Olivier T,,,,,,,,,,,,,,,,,,,,469.828,4422.922,469828,4422922,GouffreALaTeteDOurs
176,2010,Aven,469300.0,4422855.0,322,0.0,20,-20,,oui,Lobos,"Beau puits 20m, porche 8mx4m, bouché","Olivier T, Denis",,,,,,,,,,,,,,,,,,,,469.3,4422.855,469300,4422855,Aven
177,2010,Grotte de Lobos Secos,469869.0,4422885.0,328,,79,-17,topo,oui,Lobos,Sert de camp pour la zone Lobos,"Laurent C, Denis, Arnauld, Cédric, Olivier T",,,,,,,,,,,,,,,,,,,,469.869,4422.885,469869,4422885,GrotteDeLobosSecos
178,2010,Grotte Marion,468214.0,4423045.0,339,74.0,74,-17,topo,oui,Lobos,"explo-topo Thomas et Fabien le 24-01-2010, arrêt sur perte active étroite verticale en crue (qq l-s), ressaut passable sans corde, à faire par temps sec",Fabien Thomas,,,,,,,,,,,,,,,,,,,,468.214,4423.045,468214,4423045,GrotteMarion
179,2010,Méandre des Sables,469499.0,4422846.0,384,38.0,38,-15,topo,oui,Lobos,"explo-topo Thomas et Fabien le 24-01-2010, arrêt sur étroiture ponctuelle en roche massive l35 cm à élargir de peu pour passer. Vue sur 3,5 m pénétrable, très fort courant d'air sortant glacial",Fabien Thomas,,,,,,,,,,,,,,,,,,,,469.499,4422.846,469499,4422846,MeandreDesSables
180,2010,Grotte de la Conduite,468835.0,4422513.0,364,,30,-15,croquis,oui,Lobos,Une conduite forcée traverse à la perpendiculiare le gouffre formé à partir d'une fracture vers -15m (avec un remplissage témoin).,"Cédric, Buldo",,,,,,,,,,,,,,,,,,,,468.835,4422.513,468835,4422513,GrotteDeLaConduite
181,2010,Cueva del Agua,470151.0,4422766.0,352,,20,-15,croquis,oui,Lobos,effondrement important terminé sur éboulis. Une bache a permis de recueillir de l'eau en période sèche au camp des Lobos (accès facile),"Cédric, Arnauld",,,,,,,,,,,,,,,,,,,,470.151,4422.766,470151,4422766,CuevaDelAgua
182,2010,Aven de la Traverse,467933.0,4422916.0,353,35.0,35,-12,topo,oui,Lobos,explo-topo Thomas et Fabien le 24-01-2010,Fabien Thomas,,,,,,,,,,,,,,,,,,,,467.933,4422.916,467933,4422916,AvenDeLaTraverse
183,2010,Grotte du Nomade,468873.0,4422340.0,354,,67,-9,topo,oui,Lobos,"Située sur la bande de grès, cette grotte est un vraisemblable abri temporaire","Arnauld, Denis, Olivier T",OUI,,,,,,,,,,,,,,,,,,,468.873,4422.34,468873,4422340,GrotteDuNomade
184,2010,Grotte Filostik,469520.0,4422874.0,291,,24,-8,topo,oui,Lobos,"Courte perte dans laquelle ont été trouvés quelques os, moule, patelles","Isa, Laurent C, Olivier T",,,,,,,,,,,,,,,,,,,,469.52,4422.874,469520,4422874,GrotteFilostik
185,2010,Porche de la Madre 2,468705.0,4422852.0,364,,20,-8,croquis,oui,Lobos,petit porche avec un puit de 5m donnant sur un méandre avec arrêt sur éboulis,"Cédric, Jean Phi",,,,,,,,,,,,,,,,,,,,468.705,4422.852,468705,4422852,PorcheDeLaMadre2
186,2010,Aven,469418.0,4422796.0,294,0.0,15,-6,,oui,Lobos,P6 qui queute,"Olivier T, Denis",,,,,,,,,,,,,,,,,,,,469.418,4422.796,469418,4422796,Aven
187,2010,Abri,469283.0,4422170.0,403,,15,0,non,oui,Lobos,Abri pouvant servir de camp,"Olivier T, Denis, Arnauld",,,,,,,,,,,,,,,,,,,,469.283,4422.17,469283,4422170,Abri3
188,2010,Aven,469741.0,4422253.0,432,,,,,,Lobos,non descendu,"Olivier T, Denis",,,,,,,,,,,,,,,,,,,,469.741,4422.253,469741,4422253,Aven
189,2010,Grand Aven Triple,468572.0,4422366.0,365,,,,,oui,Lobos,"R30 au contact, bouché",Fabien,,,,,,,,,,,,,,,,,,,,468.572,4422.366,468572,4422366,GrandAvenTriple
190,2010,Perte Ensablée,468805.0,4422367.0,374,,,,,,Lobos,Grotte au contact grès calcaire,Fabien,,,,,,,,,,,,,,,,,,,,468.805,4422.367,468805,4422367,PerteEnsablée
191,2010,Cueva 1,470582.0,4422455.0,581,,,,,,Lobos,"a explorer, grosse entrée (10-20) dans la montée qui va de l'embarcadaire a la caverne des Lobos",Cédric,,,,,,,,,,,,,,,,,,,,470.582,4422.455,470582,4422455,Cueva1
192,2010,Porche,468379.0,4422465.0,357,,,,,oui,Lobos,porche bouché. Abri au vent,"Olivier T, Denis",,,,,,,,,,,,,,,,,,,,468.379,4422.465,468379,4422465,Porche
193,2010,AVEN ?,470236.0,4422475.0,309,,,,,,Lobos,,Olivier T,,,,,,,,,,,,,,,,,,,,470.236,4422.475,470236,4422475,AVEN ?
194,2010,Aven,468258.0,4422538.0,415,,,,,,Lobos,non descendu,"Olivier T, Denis",,,,,,,,,,,,,,,,,,,,468.258,4422.538,468258,4422538,Aven
195,2010,Lobos Matos,470178.0,4422545.0,303,,,,,,Lobos,"a explorer, beau gouffre d'entrée (30m sondé)",Cédric,,,,,,,,,,,,,,,,,,,,470.178,4422.545,470178,4422545,LobosMatos
196,2010,aven,470197.0,4422588.0,288,,,,,,Lobos,,,,,,,,,,,,,,,,,,,,,,470.197,4422.588,470197,4422588,aven
197,2010,Aven,468322.0,4422615.0,389,,,,,,Lobos,P20 interessant non descendu,"Olivier T, Denis",,,,,,,,,,,,,,,,,,,,468.322,4422.615,468322,4422615,Aven
198,2010,aven,469821.0,4422749.0,298,,,,,,Lobos,,,,,,,,,,,,,,,,,,,,,,469.821,4422.749,469821,4422749,aven
199,2010,Aven,469656.0,4422828.0,287,,,,,oui,Lobos,bouché,"Olivier T, Denis",,,,,,,,,,,,,,,,,,,,469.656,4422.828,469656,4422828,Aven
200,2010,Cueva 5,469763.0,4422959.0,310,,,,,,Lobos,"a explorer, dans la doline des lobos",Cédric,,,,,,,,,,,,,,,,,,,,469.763,4422.959,469763,4422959,Cueva5
201,2010,Cueva 6,469807.0,4423507.0,433,,,,,,Lobos,"a explorer, loin au nord",Cédric,,,,,,,,,,,,,,,,,,,,469.807,4423.507,469807,4423507,Cueva6
202,2010,Perte 1Lobos,468573.0,4422358.0,332,,,,,,Lobos,,,,,,,,,,,,,,,,,,,,,,468.573,4422.358,468573,4422358,Perte1Lobos
203,2010,porche jef = gr audeline,471572.0,4429671.0,357,,,,,,Camp 1,,,,,,,,,,,,,,,,,,,,,,471.572,4429.671,471572,4429671,GrotteAudeline
204,2010,Los Piscoleros,,,,,,,non,oui,Lobos,"Dans une zone de porche, conduite forcée glacière qui part (voir photo)","Antoine, Denis, Olivier G, Vanessa",,,,,,,,,,,,,,,,,,,,,,0,0,LosPiscoleros
205,2010,Perte des Lobos,467782.0,4422983.0,330,556.0,556,-303,OK,oui,Nomade,,"Florian, ...",,,,,,,,,,,,,,,,,,,,467.782,4422.983,467782,4422983,PerteDesLobos
206,2010,El Culo de la Madre,468699.0,4422722.0,355,,182,-78,topo,oui,Nomade,Grosse entrée impressionnante qui suit un plan de faille et qui se termine par deux belles salles avec arrêt sur des éboulis.,"Sylvain, Cédric, Buldo",,,,,,,,,,,,,,,,,,,,468.699,4422.722,468699,4422722,ElCuloDeLaMadre
207,2010,La Grotte,468496.0,4422512.0,331,0.0,9,-9,croquis,oui,Nomade,"""inutile d'y aller""",Florian,,,,,,,,,,,,,,,,,,,,468.496,4422.512,468496,4422512,LaGrotte
208,2010,Igue Dedob,468516.0,4422547.0,,0.0,15,-8,croquis,oui,Nomade,"""buldo m'a forcé à y aller"" Flo.",Florian,,,,,,,,,,,,,,,,,,,,468.516,4422.547,468516,4422547,IgueDeDob
209,2010,Grotte Petite Soeur,468366.0,4422459.0,,0.0,20,-4,croquis,oui,Nomade,"coups de gouges de 0,1x0,2m",Florian,,,,,,,,,,,,,,,,,,,,468.366,4422.459,468366,4422459,GrottePetiteSoeur
210,2010,Puits Octopus,467782.0,4422983.0,330,,,,,oui,Nomade,jonctionne avec la perte des lobos (coordonnées des lobos),,,,,,,,,,,,,,,,,,,,,467.782,4422.983,467782,4422983,PuitsOctopus
211,2010,Gouffre du Kit,470653.0,4425395.0,505,0.0,130,-120,croquis,oui,Quinqua,P100,"Isa, José, Serge",,,,,,,,,,,,,,,,,,,,470.653,4425.395,470653,4425395,GouffreDuKit
212,2010,Gouffre Cumple Anos,471149.0,4425341.0,412,119.0,168,-81,OK,non,Quinqua,gouffre d'entrée suivi d'un méandre au contact grès-calcaire. Arrêt sur étroiture passable.,"Jean Francois H, Didier, Laurent M, Florence, Olivier T",,,,,,,,,,,,,,,,,,,,471.149,4425.341,471149,4425341,GouffreCumpleAnos
213,2010,La Marmotte,470988.0,4425143.0,,,60,-57,croquis,oui,Quinqua,,"José, Isa, Serge",,,,,,,,,,,,,,,,,,,,470.988,4425.143,470988,4425143,LaMarmotte
214,2010,Aven Kinka 4,471051.0,4425241.0,428,,60,-40,croquis,oui,Quinqua,vu et descendu par José le 19-01-2010,José,,,,,,,,,,,,,,,,,,,,471.051,4425.241,471051,4425241,AvenKinka4
215,2010,Perte,471314.0,4425512.0,,,60,-40,croquis,oui,Quinqua,,"Isa, José",,,,,,,,,,,,,,,,,,,,471.314,4425.512,471314,4425512,Perte3
216,2010,Aven Kinka 3,471049.0,4425081.0,413,,48,-28,croquis,oui,Quinqua,"vu et descendu par équipe Quinqua 19-01-2010 (Bruno, José, Jo, Fabien et Didier)","José, Bruno, Fabien, Didier",,,,,,,,,,,,,,,,,,,,471.049,4425.081,471049,4425081,AvenKinka3
217,2010,Aven,470677.0,4425348.0,,,30,-20,croquis,oui,Quinqua,,"José, Isa, Serge",,,,,,,,,,,,,,,,,,,,470.677,4425.348,470677,4425348,Aven
218,2010,Aven,471014.0,4425120.0,,,20,-20,croquis,oui,Quinqua,,"José, Isa, Serge",,,,,,,,,,,,,,,,,,,,471.014,4425.12,471014,4425120,Aven
219,2010,Aven -20,471157.0,4425311.0,418,,20,-20,,oui,Quinqua,,Mulot,,,,,,,,,,,,,,,,,,,,471.157,4425.311,471157,4425311,Aven -20
220,2010,Gouffre,471349.0,4425470.0,,,,-20,croquis,oui,Quinqua,,"Isa, José",,,,,,,,,,,,,,,,,,,,471.349,4425.47,471349,4425470,Gouffre1
221,2010,Aven Kinka 2,471052.0,4425189.0,428,,30,-15,croquis,oui,Quinqua,"vu et descendu par équipe Quinqua 19-01-2010 (Bruno, José, Jo, Fabien et Didier)","Bruno, Didier, Jo, Fabien, José",,,,,,,,,,,,,,,,,,,,471.052,4425.189,471052,4425189,AvenKinka2
222,2010,Aven Kinka 1,471078.0,4425341.0,451,,20,-15,croquis,oui,Quinqua,vu et descendu par Fabien et Didier le 19-01-2010,"Fabien, Didier",,,,,,,,,,,,,,,,,,,,471.078,4425.341,471078,4425341,AvenKinka1
223,2010,Aven non descendu,471817.0,4424205.0,434,,,,,?,Quinqua,,Mulot,,,,,,,,,,,,,,,,,,,,471.817,4424.205,471817,4424205,Aven non descendu
224,2010,Aven,471827.0,4424273.0,433,,,,,?,Quinqua,a explorer. P30?,Laurent M,,,,,,,,,,,,,,,,,,,,471.827,4424.273,471827,4424273,Aven
225,2010,Aven,471576.0,4424536.0,414,,,,,?,Quinqua,a explorer. P30?,Laurent M,,,,,,,,,,,,,,,,,,,,471.576,4424.536,471576,4424536,Aven
226,2010,Grand Aven-Perte,471504.0,4425157.0,359,,,,,?,Quinqua,Trou D,,,,,,,,,,,,,,,,,,,,,471.504,4425.157,471504,4425157,GrandAvenPerte
227,2010,TROU A,471073.0,4425289.0,433,,,,,?,Quinqua,,Mulot,,,,,,,,,,,,,,,,,,,,471.073,4425.289,471073,4425289,TROUA
228,2010,Grande Doline-Perte,471511.0,4425318.0,347,,,,,?,Quinqua,impénétrable,,,,,,,,,,,,,,,,,,,,,471.511,4425.318,471511,4425318,GrandeDolinePerte
229,2010,Aven,470687.0,4426335.0,559,,,,,?,Quinqua,Cavité à voir ,Didier,,,,,,,,,,,,,,,,,,,,470.687,4426.335,470687,4426335,Aven
230,2010,Aven,470676.0,4426340.0,561,,,,,?,Quinqua,Cavité à voir ,Didier,,,,,,,,,,,,,,,,,,,,470.676,4426.34,470676,4426340,Aven
231,2010,Aven,471002.0,4425391.0,466,,,,,,Quinqua,,Mulot,,,,,,,,,,,,,,,,,,,,471.002,4425.391,471002,4425391,Aven
232,2010,Traversé du roberto,,,,,,,,oui,Roberto Sud,,"Richard, Olivier T ",,,,,,,,,,,,,,,,,,,,,,0,0,Traversé du roberto
233,2010,trou noir,,,,,,,,oui,Roberto Sud,,"Richard, Olivier T ",,,,,,,,,,,,,,,,,,,,,,0,0,trou noir
234,2010,Sou33,472373.0,4429958.0,301,0.0,80,-70,croquis,oui,Soublette,,,,,,,,,,,,,,,,,,,,,,472.373,4429.958,472373,4429958,Sou33
235,2010,Sumidero Ardilla  ,0.0,0.0,,,80,-70,croquis,non,Soublette,,,,,,,,,,,,,,,,,,,,,,,,0,0,SumideroArdilla
236,2010,Sou30,472620.0,4429466.0,237,,40,-35,croquis,oui,Soublette,,,,,,,,,,,,,,,,,,,,,,472.62,4429.466,472620,4429466,Sou30
237,2010,Sou31,472414.0,4429499.0,281,0.0,30,-30,croquis,oui,Soublette,,,,,,,,,,,,,,,,,,,,,,472.414,4429.499,472414,4429499,Sou31
238,2010,Porche,471623.0,4430070.0,388,,10,0,,oui,Soublette,"Porche 20m de large, qui queute","Jean Francois H, Thomas, Olivier T",,,,,,,,,,,,,,,,,,,,471.623,4430.07,471623,4430070,Porche
239,2010,Grotte de l'Audeline,,,,143.0,143,19,topo,oui,Soublette,traversée fossile,"Laurent C, Pierre",,,,,,,,,,,,,,,,,,,,,,0,0,GrotteAudeline
240,2010,Aven,471645.0,4430061.0,360,,,,,?,Soublette,"Puits 4m de diamètre partant en méandre, à voir","Jean Francois H, Thomas, Olivier T",,,,,,,,,,,,,,,,,,,,471.645,4430.061,471645,4430061,Aven
241,2010,Grotte Sueno,471621.0,4429939.0,423,,,,,?,Soublette,Abri à Jeff,"Jean Francois H, Thomas, Olivier T",,,,,,,,,,,,,,,,,,,,471.621,4429.939,471621,4429939,GrotteSueno
242,2010,perte 1,,,,,,,,,Camp 1,pas pointée mais juste à coté de la perte 2 et ambrée (n°130),,,,,,,,,,,,,,,,,,,,,,,0,0,Perte1
243,2014,Perte de la Sucrière,493130.0,4308331.0,399,,120,-80,,oui,A remplir!,terminé à -80,,,,,,,,,,,,,,,,,,,,,493.13,4308.331,493130,4308331,PerteDeLaSucriere
244,2014,Œil du Diable (ex perte majeure),493244.0,4309199.0,315,,368,-81,topo,,A remplir!,Topographie,,,,,,,,,,,,,,,,,,,,,493.244,4309.199,493244,4309199,OjoDelDiablo
245,2014,Perte de la Sucrière inférieure,493001.0,4308652.0,330,,203,-84,topo,,A remplir!,Topographie,,,,,,,,,,,,,,,,,,,,,493.001,4308.652,493001,4308652,PerteDeLaSucriereInferieure
246,2014,Trou 1 sur 3eme bloc calcaire,495068.0,4309020.0,186,,,,,,A remplir!,,,,,,,,,,,,,,,,,,,,,,495.068,4309.02,495068,4309020,Trou 1 sur 3eme bloc calcaire
247,2014,Perte Col 1,493722.0,4308518.0,482,,,,,,A remplir!,,,,,,,,,,,,,,,,,,,,,,493.722,4308.518,493722,4308518,PerteCol1
248,2014,Perte des Portes d'Abraham,494398.0,4309243.0,163,,483,-135,topo,,A remplir!,Topographie,,,,,,,,,,,,,,,,,,,,,494.398,4309.243,494398,4309243,PerteDesPortesDAbraham
249,2014,Cueva Nutria,495399.0,4309090.0,20,,176,16 - -15,topo,,A remplir!,Topographie,,,,,,,,,,,,,,,,,,,,,495.399,4309.09,495399,4309090,CuevaNutria
250,2014,TC1,493342.0,4308357.0,484,,40,-40,,oui,A remplir!,Colmaté,,,,,,,,,,,,,,,,,,,,,493.342,4308.357,493342,4308357,TC1
251,2014,TC2,493337.0,4308329.0,488,,30,-30,,oui,A remplir!,Colmaté,,,,,,,,,,,,,,,,,,,,,493.337,4308.329,493337,4308329,TC2
252,2014,TC3,492238.0,4307919.0,544,,65,-65,,oui,A remplir!,Colmaté,,,,,,,,,,,,,,,,,,,,,492.238,4307.919,492238,4307919,TC3
253,2014,TC4,493149.0,4307944.0,533,,0,0,,,A remplir!,"Impénétrable, à désober",,,,,,,,,,,,,,,,,,,,,493.149,4307.944,493149,4307944,TC4
254,2014,TC5,493139.0,4307904.0,533,,,,,,A remplir!,,,,,,,,,,,,,,,,,,,,,,493.139,4307.904,493139,4307904,TC5
255,2014,TC6,493149.0,4307879.0,522,,,,,oui,A remplir!,Colmaté,,,,,,,,,,,,,,,,,,,,,493.149,4307.879,493149,4307879,TC6
256,2014,Le Raccourci,494845.0,4308933.0,274,,30,-30,,non,A remplir!,"un P30 non descendu plein lapiaz, voir GPS Buldo",,,,,,,,,,,,,,,,,,,,,494.845,4308.933,494845,4308933,LeRaccourci
257,2014,Le Raccourci Végétal,495383.0,4308977.0,55,,20,-5,,non,A remplir!,petite traversée avec P5 non descendu GPS Buldo,,,,,,,,,,,,,,,,,,,,,495.383,4308.977,495383,4308977,Le RaccourciVegetal
258,2014,Tortilla con Lemon,495075.0,4308714.0,253,160.0,160,-32,topo,oui,A remplir!,Intégrale,,,,,,,,,,,,,,,,,,,,,495.075,4308.714,495075,4308714,CuevaTortillaConCitron
259,2014,Trou qui paye pas de mine,,,,108.0,108,-48,topo,,A remplir!,Topographie,,,,,,,,,,,,,,,,,,,,,,,0,0,TrouQuiPayePasDeMine
260,2014,Gouffre de l'Erbra,494387.0,4309486.0,86,1356.0,1356,30 - -59,topo,non,A remplir!,"Topographie, plus de 400 m explorés non toporgaphié",,,,,,,,,,,,,,,,,,,,,494.387,4309.486,494387,4309486,GouffreDeLErbra
261,2014,Regard sur la résurgence de l'Avenir,494567.0,4309691.0,,,,,,,A remplir!,20 m en aval de la perte principale,,,,,,,,,,,,,,,,,,,,,494.567,4309.691,494567,4309691,RegardResurgenceAvenir
262,2014,Gouffre Pacifico,492835.0,4307760.0,386,,356,-196,topo,?,A remplir!,"Explo Romain-Seba + Lionel-Natalia + Tigrou-Denis-Steph, topo réalisée",,,,,,,,,,,,,,,,,,,,,492.835,4307.76,492835,4307760,GouffrePacifico
263,2014,Pas de nom,492741.0,4307760.0,372,,,,,,A remplir!,,,,,,,,,,,,,,,,,,,,,,492.741,4307.76,492741,4307760,Pas de nom
264,2014,Pas de nom,492538.0,4307322.0,344,,,,,,A remplir!,,,,,,,,,,,,,,,,,,,,,,492.538,4307.322,492538,4307322,Pas de nom
265,2014,Pas de nom,492549.0,4307305.0,,,,,,,A remplir!,,,,,,,,,,,,,,,,,,,,,,492.549,4307.305,492549,4307305,Pas de nom
266,2014,Perte du col 1,493740.0,4308750.0,,,-30,-30,,,A remplir!,Puits sur faille,,,,,,,,,,,,,,,,,,,,,493.74,4308.75,493740,4308750,PerteDuCol1
267,2014,Perte du col 2,493735.0,4308575.0,,,0,0,,,A remplir!,Extrémité Nord de la faille,,,,,,,,,,,,,,,,,,,,,493.735,4308.575,493735,4308575,PerteduCol2
268,2014,Cueva du Plateau,493877.0,4308702.0,,,20,-20,,,A remplir!,,,,,,,,,,,,,,,,,,,,,,493.877,4308.702,493877,4308702,CuevaDuPlateau
269,2014,Igue du Dike,493877.0,4308689.0,,,20,-20,,,A remplir!,,,,,,,,,,,,,,,,,,,,,,493.877,4308.689,493877,4308689,IgueDuDike
270,2014,Pas de nom,493833.0,4308577.0,,,0,0,,oui,A remplir!,Perte impenetrable,,,,,,,,,,,,,,,,,,,,,493.833,4308.577,493833,4308577,Pas de nom
271,2014,Igue du Midi,493488.0,4308749.0,,,70,-58,,non,A remplir!,Arrêt sur méandre étroit,,,,,,,,,,,,,,,,,,,,,493.488,4308.749,493488,4308749,IgueDuMidi
272,2014,Igue Enviluc,493487.0,4308761.0,,,18,-13,,,A remplir!,,,,,,,,,,,,,,,,,,,,,,493.487,4308.761,493487,4308761,IgueEnviluc
273,2014,Cueva de la Mañana,493354.0,4308416.0,,,11,-11,,oui,A remplir!,Colmatage de grès,,,,,,,,,,,,,,,,,,,,,493.354,4308.416,493354,4308416,CuevaManana
274,2014,Trou du Cairn,493378.0,4308649.0,,,40,-40,,,A remplir!,,,,,,,,,,,,,,,,,,,,,,493.378,4308.649,493378,4308649,TrouDuCairn
275,2014,Gouffre des Trois Arches,493345.0,4308371.0,483,,60,-42,,,A remplir!,Arrêt sur Siphon,,,,,,,,,,,,,,,,,,,,,493.345,4308.371,493345,4308371,GouffreDesTroisArches
276,2014,"Gouffre ""2 spits pour Rien""",492718.0,4307932.0,358,,50,-33,,,A remplir!,,,,,,,,,,,,,,,,,,,,,,492.718,4307.932,492718,4307932,"GouffreDeuxSpitsPourRien"
277,2014,P20,494928.0,4309421.0,301,,20,-20,,?,A remplir!,"Non descendu, au dessus de l'émergence d'Abraham",,,,,,,,,,,,,,,,,,,,,494.928,4309.421,494928,4309421,P20
278,2014,Gouffre No Futur,494209.0,4303537.0,438,,40,-40,croquis,,A remplir!,Croquis,,,,,,,,,,,,,,,,,,,,,494.209,4303.537,494209,4303537,GouffreNoFutur
279,2014,Gouffre Retour vers le Futur,494247.0,4303396.0,412,133.0,133,-61,topo,,A remplir!,"Topo, Arrêt sur désob",,,,,,,,,,,,,,,,,,,,,494.247,4303.396,494247,4303396,GouffreRetourVersLeFutur
280,2014,Gouffre SansDéconner,495472.0,4308988.0,21,,100,-20,croquis,,A remplir!,Schéma,,,,,,,,,,,,,,,,,,,,,495.472,4308.988,495472,4308988,GouffreSansDeconner
281,2014,Arc 13,492630.0,4307395.0,325,,20,-15,croquis,,A remplir!,Schéma,,,,,,,,,,,,,,,,,,,,,492.63,4307.395,492630,4307395,Arc13
282,2014,Arc 12,492811.0,4307523.0,387,,40,-30,croquis,,A remplir!,Schéma,,,,,,,,,,,,,,,,,,,,,492.811,4307.523,492811,4307523,Arc12
283,2014,Arc 12bis,492811.0,4307523.0,387,,20,-15,croquis,,A remplir!,Schéma,,,,,,,,,,,,,,,,,,,,,492.811,4307.523,492811,4307523,Arc12bis
284,2014,Arc 3,492744.0,4307438.0,368,,45,-30,croquis,,A remplir!,Schéma,,,,,,,,,,,,,,,,,,,,,492.744,4307.438,492744,4307438,Arc3
285,2014,Arc 4,492791.0,4307449.0,380,,20,-20,croquis,,A remplir!,Schéma,,,,,,,,,,,,,,,,,,,,,492.791,4307.449,492791,4307449,Arc4
286,2014,Gouffre Futur 1,493519.0,4304030.0,545,,,,croquis,,A remplir!,Voir Schéma Xav,,,,,,,,,,,,,,,,,,,,,493.519,4304.03,493519,4304030,SumideroFuturo
287,2014,Gouffre Futur 2,493402.0,4304216.0,562,,40,-30,croquis,,A remplir!,Voir Schéma Xav,,,,,,,,,,,,,,,,,,,,,493.402,4304.216,493402,4304216,SumideroFuturo
288,2014,Gouffre N°1 Sommet 3,493524.0,4304050.0,554,,70,-40,,,A remplir!,Jonctionne avec Gouffre Futur 1 de Tigrou ; Arrêt sur éboulis à -40 m,,,,,,,,,,,,,,,,,,,,,493.524,4304.05,493524,4304050,Gouffre N°1 Sommet 3
289,2014,Pas de nom,493405.0,4304223.0,557,,40,-30,,oui,A remplir!,Terminé ; Même gouffre que le Gouffre Futur 2 de Tigrou,,,,,,,,,,,,,,,,,,,,,493.405,4304.223,493405,4304223,Pas de nom
290,2014,Gouffre n°3 sommet 3,493434.0,4304074.0,54,,20,-16,,oui,A remplir!,Terminé,,,,,,,,,,,,,,,,,,,,,493.434,4304.074,493434,4304074,Gouffre n°3 sommet 3
291,2014,Machu-Pichu,492079.0,4310722.0,,214.0,214,16 - -4,topo,?,A remplir!,Topographie,,,,,,,,,,,,,,,,,,,,,492.079,4310.722,492079,4310722,GrotteMachuPichu
292,2014,"Gouffre ""Un cul de plus à explorer""",492861.0,4307876.0,399,,,,,non,A remplir!,A explorer,,,,,,,,,,,,,,,,,,,,,492.861,4307.876,492861,4307876,"GouffreUnCulDePlusAExplorer"
293,2014,Gouffre près du camp du Futur,494155.0,4303338.0,407,,20,-20,,non,A remplir!,"A Explorer, P20 mini",,,,,,,,,,,,,,,,,,,,,494.155,4303.338,494155,4303338,Gouffre près du camp du Futur
294,2014,Arc 14,492564.0,4307349.0,347,,60,-60,,non,A remplir!,"P60 à explorer par temps sec, arrêt sur rien",,,,,,,,,,,,,,,,,,,,,492.564,4307.349,492564,4307349,Arc14
295,2014,Cueva del Condor,491290.0,4307597.0,230,,763,-110,,,A remplir!,Altitude estimée ; Systema de los Tubos,,,,,,,,,,,,,,,,,,,,,491.29,4307.597,491290,4307597,SystemaLosTubos
296,2014,Sumidero Escondido,490540.0,4306695.0,106,174.0,174,-55,,oui,A remplir!,Coordonnées levées sur carte ; Terminée,,,,,,,,,,,,,,,,,,,,,490.54,4306.695,490540,4306695,SumideroEscondido
297,2014,Surgencia Estrella,492249.0,4307720.0,65,,50,20,,non,A remplir!,"Grosse résurgence, 25 m de long, gros siphon à plonger, galerie remontante sur 20 m",,,,,,,,,,,,,,,,,,,,,492.249,4307.72,492249,4307720,SurgenciaEstrella
298,2014,Cueva Estrella,492261.0,4307711.0,95,,100,-30,,,A remplir!,"Au dessus de la résurgence Estrella, Accés au collecteur entre 2 siphons",,,,,,,,,,,,,,,,,,,,,492.261,4307.711,492261,4307711,CuevaEstrella
299,2014,Perte perdue,490540.0,4306695.0,106,,25,-10,,oui,A remplir!,Coordonnées levées sur carte ; Terminée,,,,,,,,,,,,,,,,,,,,,490.54,4306.695,490540,4306695,PertePerdue
300,2014,"Gouffre ""Explorévitefait""",490470.0,4306552.0,101,,100,-60,,oui,A remplir!,Coordonnées levées sur carte ; Terminée,,,,,,,,,,,,,,,,,,,,,490.47,4306.552,490470,4306552,"GouffreExploreViteFait"
301,2014,Puits 1 Jean-Phi,491049.0,4307630.0,250,,,,,,A remplir!,Altitude estimée,,,,,,,,,,,,,,,,,,,,,491.049,4307.63,491049,4307630,Puits1JeanPhi
302,2014,Pozo Dyke (System de los Tubas),491165.0,4307597.0,,,,,,,A remplir!,Altitude estimée,,,,,,,,,,,,,,,,,,,,,491.165,4307.597,491165,4307597,SystemaLosTubos
303,2014,Pas de nom,494496.0,4309737.0,,,,,topo,,A remplir!,Sur le chemin pour aller à Erbra ; Grotte Topographiée,,,,,,,,,,,,,,,,,,,,,494.496,4309.737,494496,4309737,Pas de nom
304,2014,Arc 1,492098.0,4306813.0,276,,50,-30,croquis,oui,A remplir!,Croquis ; Fini,,,,,,,,,,,,,,,,,,,,,492.098,4306.813,492098,4306813,Arc1
305,2014,Arc 11,492226.0,4306784.0,260,,50,-30,croquis,oui,A remplir!,Croquis ; Fini,,,,,,,,,,,,,,,,,,,,,492.226,4306.784,492226,4306784,Arc11
306,2014,Arc 111,492134.0,4306635.0,258,,30,-15,croquis,oui,A remplir!,Croquis ; Fini,,,,,,,,,,,,,,,,,,,,,492.134,4306.635,492134,4306635,Arc111
307,2014,Arc 113,491671.0,4306206.0,299,,20,-15,croquis,oui,A remplir!,Croquis ; Fini,,,,,,,,,,,,,,,,,,,,,491.671,4306.206,491671,4306206,Arc113
308,2014,Arc 114,491307.0,4306156.0,259,,40,-20,croquis,oui,A remplir!,Croquis ; Fini,,,,,,,,,,,,,,,,,,,,,491.307,4306.156,491307,4306156,Arc114
309,2014,Arc 112 ; Les mystères de l'ouest,491808.0,4306374.0,291,216.0,216,-71,topo,non,A remplir!,"Topographie faite, arrêt sur Rien, méandre actif, 50 l-S ; A faire par temps Sec !!!",,,,,,,,,,,,,,,,,,,,,491.808,4306.374,491808,4306374,Arc112
310,2014,Gouffre du Robinet,493210.0,4307750.0,456,230.0,230,-91,topo,?,A remplir!,Topographie effectuée,,,,,,,,,,,,,,,,,,,,,493.21,4307.75,493210,4307750,GouffreDuRobinet
311,2014,Arc 20 ou gouffre du Soleil,492409.0,4307605.0,212,140.0,140,-100,topo,non,A remplir!,"Les 30 derniers mètres sont estimés, arrêt sur Rien au sommet d'iun P30, dernier point topo sur AN de début de MC, avec une croix au dessus, P30 difficile à équiper car rien ne tient",,,,,,,,,,,,,,,,,,,,,492.409,4307.605,492409,4307605,CuevaDelSol
312,2014,Arc 19,492487.0,4307678.0,229,,60,-50,,non,A remplir!,Arrêt du etr. En sommet de P10 non descendu,,,,,,,,,,,,,,,,,,,,,492.487,4307.678,492487,4307678,Arc19
313,2014,Arc 18,492484.0,4307639.0,224,,48,-37,,?,A remplir!,arrêt sur éboulis,,,,,,,,,,,,,,,,,,,,,492.484,4307.639,492484,4307639,Arc18
314,2014,Arc 17,492637.0,4307761.0,300,,20,-20,,non,A remplir!,"Perte de canelure, importante,P20 mini,  non explorée",,,,,,,,,,,,,,,,,,,,,492.637,4307.761,492637,4307761,Arc17
315,2014,Résurgence Oubliée,494941.0,4309441.0,,,2,-1,,non,A remplir!,"Coordonnée estimé sur image satellite ; Résurgence de la perte d'Abraham, prouvé par coloration",,,,,,,,,,,,,,,,,,,,,494.941,4309.441,494941,4309441,ResurgenceOubliee
316,2014,Résurgence de l'Avenir,,,,700.0,700,12 - -39,topo,?,A remplir!,"Topographie, dont 321 m noyés",,,,,,,,,,,,,,,,,,,,,,,0,0,ResurgenceDeLAvenir
317,2017,Ojo de la Madre,484150.0,4446766.0,406,190.0,190,49,oui,oui,Sumidero,"Perte très arrosée, fin sur siphon bas etroit ; depôts fluvio-glaciaires ; spéléothèmes prélevés",,,,,,,,,,,,,,,,,,,,,484.15,4446.766,484150,4446766,OjoDeLaMadre
318,2017,Ombligo de la Madre,484295.0,4447150.0,365,283.0,283,146,oui,oui,Sumidero,"Belle perte ; 30m x 10m, tube incliné à 45°, rivière cascadante 200L-s. Arrêt sur siphon etroit. ",,,,,,,,,,,,,,,,,,,,,484.295,4447.15,484295,4447150,OmbligoDeLaMadre
319,2017,Sumidero ,484486.0,4447573.0,,,?,?,non,oui,Sumidero,Perte active mais dans doline bouchée par éboulement et bois. ,,,,,,,,,,,,,,,,,,,,,484.486,4447.573,484486,4447573,Sumidero
320,2017,Lagrimas de la Madre,484396.0,4447498.0,294,223.0,223,116,oui,non,Sumidero,"Grand porche 20mx15m ; rivière 200L-s ; exploré en partie arrêt sur R3, explo à poursuivre",,,,,,,,,,,,,,,,,,,,,484.396,4447.498,484396,4447498,LagrimasDeLaMadre
321,2017,Sumidero,484535.0,4448170.0,198,,?,?,non,oui,Sumidero,Perte active mais dans doline bouchée par éboulement et bois. ,,,,,,,,,,,,,,,,,,,,,484.535,4448.17,484535,4448170,Sumidero
322,2017,Garganta,484595.0,4448213.0,180,,,,oui,oui,Sumidero,"Grand porche 20mx20m ; rivière 1m3-s ; très prometteur, à explorer",,,,,,,,,,,,,,,,,,,,,484.595,4448.213,484595,4448213,Garganta
323,2017,Sumidero,484633.0,4448258.0,191,,?,?,non,oui,Sumidero,Perte active mais dans doline bouchée par éboulement et bois. ,,,,,,,,,,,,,,,,,,,,,484.633,4448.258,484633,4448258,Sumidero
324,2017,Utero de la Madre,484956.0,4448483.0,220,770.0,xxx 770,xxx 182,oui,oui,Sumidero,"Descendu sans corde jusqu'au siphon, beaux volumes, rivière active ; traces des inventeurs retrouvées ; shunt possible du siphon par escalade de 4m dans une galerie sup. ",,,,,,,,,,,,,,,,,,,,,484.956,4448.483,484956,4448483,Utero de la Madre
325,2017,Sumidero,485157.0,4448585.0,225,,?,?,non,oui,Sumidero,"Beau porche, bouché par effondrement plafond à quelques mètres de l'entrée, aller voir derrière par le dessus des calcaires. ",,,,,,,,,,,,,,,,,,,,,485.157,4448.585,485157,4448585,Sumidero
326,2017,Sumidero,485495.0,4447616.0,317,,?,?,non,oui,Sumidero,Petite perte étroite explorée sur quelques mètres; impénétrable,,,,,,,,,,,,,,,,,,,,,485.495,4447.616,485495,4447616,Sumidero
327,2017,agujero,486016.0,4447774.0,290,,,,non,non,Sumidero,"Gouffre bordure SE scandinavie, P15 d'entrée, ruissellements, non descendu",,,,,,,,,,,,,,,,,,,,,486.016,4447.774,486016,4447774,agujero
328,2017,agujero,483835.0,4446220.0,417,,,,non,non,Sumidero,Gouffre bordure SE scandinavieTube à 45° de 2m de diamètre non descendu ; ,,,,,,,,,,,,,,,,,,,,,483.835,4446.22,483835,4446220,agujero
329,2017,Résurgence XXX,478634.0,4447073.0,0,220.0,220,24,oui,non,,Résurgence sous le nveau de la mer,,,,,,,,,,,,,,,,,,,,,478.634,4447.073,478634,4447073,ResurgenceXXX
330,2017,Perte 3,477006.0,4441940.0,,,?,?,non,oui,Grande Barrière,Explo perminée. Arret à -15,,,,,,,,,,,,,,,,,,,,,477.006,4441.94,477006,4441940,Perte3
331,2017,GB1,479866.0,4441309.0,356,,?,?,Non,non,Grande Barrière,"23-01-2017 non descendu, à faire.",,,,,,,,,,,,,,,,,,,,,479.866,4441.309,479866,4441309,GB1
332,2017,GB2,480018.0,4441221.0,351,,?,?,Non,non,Grande Barrière,"23-01-2017 non descendu, à faire.",,,,,,,,,,,,,,,,,,,,,480.018,4441.221,480018,4441221,GB2
333,2017,GB3,479883.0,4441642.0,239,,?,?,Non,non,Grande Barrière,"P 50, à descendre, 23-01-17, non descendu,à faire",,,,,,,,,,,,,,,,,,,,,479.883,4441.642,479883,4441642,GB3
334,2017,Perte 2,476404.0,4442053.0,,,?,?,?,?,Grande Barrière,Pas d'information,,,,,,,,,,,,,,,,,,,,,476.404,4442.053,476404,4442053,Perte2
335,2017,GB Trou 1,476668.0,4441599.0,303,46.0,46,41,oui,oui,Grande Barrière,Calcaire,,,,,,,,,,,,,,,,,,,,,476.668,4441.599,476668,4441599,GBTrou1
336,2017,GB Trou 2,476670.0,4441599.0,306,,20,15,croquis,oui,Grande Barrière,Calcaire,,,,,,,,,,,,,,,,,,,,,476.67,4441.599,476670,4441599,GBTrou2
337,2017,GB Trou 3,476570.0,4441550.0,329,,30,25,croquis,oui,Grande Barrière,Calcaire,,,,,,,,,,,,,,,,,,,,,476.57,4441.55,476570,4441550,GBTrou3
338,2017,GB Trou 5,476811.0,4441550.0,298,,?,?,?,?,Grande Barrière,Calcaire,,,,,,,,,,,,,,,,,,,,,476.811,4441.55,476811,4441550,GB Trou 5
339,2017,Gouffre du Totem,476555.0,4442064.0,?,,?,?,?,?,Grande Barrière,"Grosse perte à proximitédu camp GB, descendue jusque -40, arrêt sur trop peur",,,,,,,,,,,,,,,,,,,,,476.555,4442.064,476555,4442064,GouffreDuTotem
340,2017,Deux grottes (double entree),478906.0,4446437.0,?,,5,?,non,non,,Repéré le 25-01 par Buldo,,,,,,,,,,,,,,,,,,,,,478.906,4446.437,478906,4446437,DeuxGrottes
341,2017,Chattiere qui buffle,482761.0,4445427.0,?,,100,?,non,non,,"Arrêt sur rien, à poursuivre (prendre equipement)",,,,,,,,,,,,,,,,,,,,,482.761,4445.427,482761,4445427,ChattiereQuiBuffle
342,2017,Gouffre de la grotte ,479065.0,4447905.0,436,,?,?,non,non,Camp Nord,"A descendre. Repéré le 25-02-2017 par Natalia, Jean Marc, Laurent, Joël (Nord camp du nid du condor)",,,,,,,,,,,,,,,,,,,,,479.065,4447.905,479065,4447905,GouffreDeLaGrotte
343,2017,Mille et une cascade,479490.0,4447336.0,361,,?,?,non,non,,"Descendu jusqu'à -20. Arret sur lèvre d'un P10 arrosé qui surplombe un gros puits.
Proche et à l'Est du camp du nid du condor",,,,,,,,,,,,,,,,,,,,,479.49,4447.336,479490,4447336,MilleEtUneCascade
344,2017,Gouffre du camp du nid du condor,479389.0,4447402.0,311,,20,15,croquis,,Camp Nord,Etroit.. Mais continue!! Impenetrable,,,,,,,,,,,,,,,,,,,,,479.389,4447.402,479389,4447402,GouffreDuCampDuNidDuCondor
345,2017,Emergence des tuyaux ( rameur),479490.0,4447336.0,?,,?,?,non,non,,"(pas sûr des coordonnées utm) (coordonnées : 50°077223 - 075°18.0107) Dans la baie d'accès au plateau nord, coté ouest. Au pied de falaise. Escalade possiblement à faire ( escalade faite par lionel ,denis,david)",,,,,,,,,,,,,,,,,,,,,479.49,4447.336,479490,4447336,EmergenceDesTuyaux
346,2017,Ayayémal,476491.0,4441850.0,292,,?,?,Oui,oui,Grande Barrière,Pas d'information,,,,,,,,,,,,,,,,,,,,,476.491,4441.85,476491,4441850,Ayayemal
347,2017,Ayayébo,476217.0,4441660.0,314,160.0,160,96,Oui,Oui,Grande Barrière,"P28 suivi de 2 puits parallèle, 1 descendu (35m) coté ""sec"" le 31-01-17 et branche active descendue le 08-02-17, arrêt à -96 sur étroit plein d'eau",,,,,,,,,,,,,,,,,,,,,476.217,4441.66,476217,4441660,Ayayebo
348,2017,GB1 bis,476293.0,4441568.0,344,,?,?,non,non,Grande Barrière,Au dessus du GB 30-01-2017 1. A explorer,,,,,,,,,,,,,,,,,,,,,476.293,4441.568,476293,4441568,GB1bis
349,2017,Gouffre ,476287.0,4441655.0,364,,?,?,non,non,Grande Barrière,à descendre. P15 avec une fenêtre qui semble donner un accès à un puits parallèle.,,,,,,,,,,,,,,,,,,,,,476.287,4441.655,476287,4441655,Gouffre2
350,2017,SANS NOM,476316.0,4440859.0,596,,?,?,non,non,Grande Barrière,S'ouvre au sommet de la crête. A explorer. Dans zone assez broyée. Etre dos au sommet pour voir l'entrée…,,,,,,,,,,,,,,,,,,,,,476.316,4440.859,476316,4440859,SANS NOM
351,2017,SANS NOM,476028.0,4441666.0,277,,?,?,non,non,Grande Barrière,"Gouffre environ 30m à explorer ? Danger, zone broyée, paroies instables…",,,,,,,,,,,,,,,,,,,,,476.028,4441.666,476028,4441666,SANS NOM
352,2017,SANS NOM,475784.0,4441912.0,388,,?,?,non,non,Grande Barrière,Porche qui queute proche du contact calcaire grès,,,,,,,,,,,,,,,,,,,,,475.784,4441.912,475784,4441912,SANS NOM
353,2017,Cueva de los Gringos,,,??,64.0,64,47,oui,oui,Camp Nord,"Descendu par Laurence et Arnauld, correspond surement à la grotte des 1001 cascades",,,,,,,,,,,,,,,,,,,,,,,0,0,LosGringos
354,2017,Gouffre du Chameau,479556.0,4447204.0,380,162.0,162,113,oui,oui,Camp Nord,"A proximité du camp du champignon, arrêt sur trop étroit à la cote -113m",,,,,,,,,,,,,,,,,,,,,479.556,4447.204,479556,4447204,GouffreChameau
355,2017,Perte des têtes brulées,,,??,,35,20,croquis,oui,Grande Barrière,"A proximité du camp GB, descendu par Arnauld et Lionel jusque -20m, bouché. Point GPS Cédric ou Lionel",,,,,,,,,,,,,,,,,,,,,,,0,0,PerteDesTetesBrulees
356,2017,perte du Point G,478796.0,4448311.0,420,,35,20,croquis,oui,Camp Nord,"Bouché, débit de perte lors de la recon environ 5 L-s",,,,,,,,,,,,,,,,,,,,,478.796,4448.311,478796,4448311,PerteDuPointG
357,2017,Cueva de la Punta Blanca,478574.0,4446622.0,?,2287.0,2287,14--44,oui,oui,,développement exploré 22,,,,,,,,,,,,,,,,,,,,,478.574,4446.622,478574,4446622,PuntaBlanca
358,2017,GB 07 02-1,475808.0,4441893.0,380,,40,30,croquis,oui,Grande Barrière,Pas d'information,,,,,,,,,,,,,,,,,,,,,475.808,4441.893,475808,4441893,GB-07-02-1
359,2017,GB 07 02-2,475787.0,4441900.0,382,,45,40,croquis,oui,Grande Barrière,Pas d'information,,,,,,,,,,,,,,,,,,,,,475.787,4441.9,475787,4441900,GB-07-02-2
360,2017,GB 07 02-3,476036.0,4441670.0,295,,30,30,non,non,Grande Barrière,Arrêt sur trou foireux délité,,,,,,,,,,,,,,,,,,,,,476.036,4441.67,476036,4441670,GB-07-02-3
361,2017,SANS NOM,476576.0,4441740.0,281,45.0,45,43,oui,oui,Grande Barrière,Gouffre borgne avec quelques paliers sans suite,,,,,,,,,,,,,,,,,,,,,476.576,4441.74,476576,4441740,SANS NOM
362,2017,SANS NOM,476632.0,4441445.0,378,,15,15,non,non,Grande Barrière,Petits puits colmaté,,,,,,,,,,,,,,,,,,,,,476.632,4441.445,476632,4441445,SANS NOM
363,2017,Gouffre du Ziploc,476597.0,4441532.0,316,44.0,44,30,oui,oui,Grande Barrière,,,,,,,,,,,,,,,,,,,,,,476.597,4441.532,476597,4441532,GouffreDuZiploc
364,2017,Punta espolon,474766.0,4451367.0,ca 50 m,,200,??,croquis,NON,,"Exploration Anthony, Yannick, Gelo et Franck, lors de l'incursion sur le Pacifique du 05-02-17. Petite cavité de pied de falaise, rejoignant plusieurs entrées. Un passage inférieur permet de rejoindre un petit actif, se terminant de part et d'autre sur siphon. Explo terminée.",,,,,,,,,,,,,,,,,,,,,474.766,4451.367,474766,4451367,PuntaEspolon
365,2017,Cueva d'el cabo vertical,476133.0,4447399.0,39,345.0,345,18--14,oui,oui,,"Exploration Anthonyet Denis lors de l'incursion sur le Pacifique du 05-02-17.Explo y topo 15-02,Natalia,Buldo,Anton,Richard y Angel. Terminado.Gran porche con tubo-fisura ascendente por el lado sur con pequeño aporte que se cierra. Al norte rampa que lleva a tubo horizontal de buen tamaño, que termina en un pozo de 8 m. que enfrente recibe aporte que abajo del pozo se sifona.",,,,,,,,,,,,,,,,,,,,,476.133,4447.399,476133,4447399,CuevaCaboVertical
366,2017,Porche de la coulée blanche,482764.0,4445438.0,25 (estimation),84.0,84,26,oui,non,,"Le grand porche visible en entrant à droite dans la Bahia Blanca. Repéré par Jean-Marc, Jo, Laurent et Franck. Escalade, topo et explo par Yann et Yannick le 13-02017. Escalade de 20 m derrière le porche d'entrée permet de prendre pied dans un méandre, menant d'un côté à un autre porche en hauteur et de l'autre continue. Explo en cours.",,,,,,,,,,,,,,,,,,,,,482.764,4445.438,482764,4445438,CouleeBlanche
367,2017,Exsurgence de la Punta Blanca,478753.0,4465590.0,0,,0,0,non,non,,A l'endroit où l'on gare les zodiacs pour accéder à la Cueva de la Punta Blanca. Sort sous le niveau de la mer. Plusieurs centaines de litres seconde. Semble plongeable.,,,,,,,,,,,,,,,,,,,,,478.753,446.559,478753,446559,BahiaBlanca
368,2017,Grotte des Canelures,478876.0,4447299.0,"106, donnée GPS surestimée",,70,15,croquis,non,,"Repérée et explorée le 13-02-17 par  Serge, José, Jean-François, Natalia et Franck. Vaste porche visible de la plage, au départ de l'accès au camp Nord. Montée en 15 min par la forêt puis le long d'une canelure. Méandre parcouru par un faible filet d'eau, exploré sur 50 m sur une branche et 20 sur une autre. Arrêt sur passage étroit, l'explo peut être considérée comme terminée.",,,,,,,,,,,,,,,,,,,,,478.876,4447.299,478876,4447299,GrotteDesCanelures
369,2017,Las Duchas de San Pedro,482357.0,4446971.0,ca 50 m,268.0,268,"45 (-41, +4)",oui,oui,,"Découverte par Natalia, Laurent, Jean-Marc et Joël. Deux entrée reliée patr une galerie exondée. Un siphon amont exploré depuis l'entrée inférieur, sûrement en connection avec celui de l'entrée supérieure, mais jonction non faite. Le siphon descend jusqu'à -20, remonte à -5 vers la seconde entrée, puis redescend à -13, terminus des explos. *Siphon de 96 m, -20. ",,,,,,,,,,,,,,,,,,,,,482.357,4446.971,482357,4446971,DuchasDeSanPedro
370,2017,Été austral ,480135.0,4447658.0,411,105.0,105,83,oui,oui,Camp Nord, Découvert et descendu par Anthonie et Yannick le 7 février ,,,,,,,,,,,,,,,,,,,,,480.135,4447.658,480135,4447658,EteAustral
371,2017,Trou du carnet ,480211.0,4447632.0,429,,20,10,croquis,oui,Camp Nord,descendu par Yannick pour remonté le carnet tombé par Vicenté le 7 février,,,,,,,,,,,,,,,,,,,,,480.211,4447.632,480211,4447632,TrouDuCarnet
372,2017,N1,482762.0,4445436.0,?,,10,0,croquis,oui,Grande Barrière,"Prospection et visite , José , Serge et Yannick ",,,,,,,,,,,,,,,,,,,,,482.762,4445.436,482762,4445436,N1
373,2017,N2,482762.0,4445436.0,?,,30,0,croquis ,oui,Grande Barrière,"Prospection et visite , José, Serge et Yannick ",,,,,,,,,,,,,,,,,,,,,482.762,4445.436,482762,4445436,N2
374,2017,Gouffre du casque,479879.0,4447862.0,347,1600.0,1600,203,oui,oui,Camp Nord,1389m de topo,,,,,,,,,,,,,,,,,,,,,479.879,4447.862,479879,4447862,GouffreCasque
375,2017,Grotte des trois entrées plus une,,,?,2434.0,2434,48--54,oui,non,,"Cavité énorme, exploration à continuer",,,,,,,,,,,,,,,,,,,,,,,0,0,TroisEntreesPlusUne
376,2017,grottes des dauphins,481705.0,4438320.0,5,,323,????,topo,oui,,"Explo et topo Serge , José , Yannick (dessin Yannick )",,,,,,,,,,,,,,,,,,,,,481.705,4438.32,481705,4438320,GrotteDesDauphins
377,2017,Cueva Harrico,481244.0,4440093.0,29,254.0,254,+85,oui,oui,Grande Barrière,Situada en las paredes sur de Punta Indice;Escalada desde el mar a gran boca; rampa ascendente y llegamos a un tubo con aire que termina cerrandose; Explo (Anton y Angel),,,,,,,,,,,,,,,,,,,,,481.244,4440.093,481244,4440093,CuevaHarrico
378,2017,Sumidero del Chorizo Plastico,475551.0,4442964.0,285,,50,30,non,oui,Grande Barrière,Sumidero al otro lado del collado al norte del campamento,,,,,,,,,,,,,,,,,,,,,475.551,4442.964,475551,4442964,SumideroDelChorizoPlastico
379,2017,SANS NOM,475670.0,4442920.0,323,,?,?,?,?,Grande Barrière,Explorada por( Denis y Anton) Cueva de derrumbe y bloques cercq del Sumidero,,,,,,,,,,,,,,,,,,,,,475.67,4442.92,475670,4442920,SANS NOM
380,2017,SANS NOM,475375.0,4442069.0,430,,45,45,non,oui,Grande Barrière,Sima bajada por David y Anton con craneos de Coivos ,,,,,,,,,,,,,,,,,,,,,475.375,4442.069,475375,4442069,SANS NOM
381,2017,SANS NOM,475272.0,4442209.0,460,,?,?,,,Grande Barrière,Zona de grandes bocas de simas muy interesantes Al menos tres bocas de grqndes dimensiones,,,,,,,,,,,,,,,,,,,,,475.272,4442.209,475272,4442209,SANS NOM
382,2017,CN 16-02-1,479373.0,4446955.0,387,,50,40,non,oui,Camp Nord,"Gros gouffre, arrêt à -40",,,,,,,,,,,,,,,,,,,,,479.373,4446.955,479373,4446955,CN16-02-1
383,2017,CN 16-02-2,479569.0,4447160.0,387,,20,15,non,non,Camp Nord,Gros porche avec arrêt sur étroit,,,,,,,,,,,,,,,,,,,,,479.569,4447.16,479569,4447160,CN16-02-2
384,2017,Madame Café,479547.0,4447215.0,384,66.0,66,47,oui,oui,Camp Nord,,,,,,,,,,,,,,,,,,,,,,479.547,4447.215,479547,4447215,MadameCafe
385,2017,CN 16-02-4,479795.0,4447413.0,405,,25,25,non,oui,Camp Nord,"Gouffre, arrêt à -25",,,,,,,,,,,,,,,,,,,,,479.795,4447.413,479795,4447413,CN16-02-4
386,2017,CN 16-02-5,479591.0,4447357.0,383,,?,15,non,oui,Camp Nord,Trou près du camp nord 3 avec du débit. Il keut à -15,,,,,,,,,,,,,,,,,,,,,479.591,4447.357,479591,4447357,CN16-02-5
387,2019,Gouffre Lagrimas,484396.0,4447498.0,350,,355,150,,,Sumidero,,,,,,,,,,,,,,,,,,,,,,484.396,4447.498,484396,4447498,GouffreLagrimas
388,2019,Gouffre de l'Arche,486742.0,4448369.0,15,,15,15,,,Sumidero,,,,,,,,,,,,,,,,,,,,,,486.742,4448.369,486742,4448369,GouffreDeLArche
389,2019,Cueva Barachos,485779.0,4445842.0,375,,10,8,,,Altitude 3,,,,,,,,,,,,,,,,,,,,,,485.779,4445.842,485779,4445842,CuevaBarachos
390,2019,Cueva Caliza,485808.0,4445794.0,370,,200,100,,,Altitude 3,,,,,,,,,,,,,,,,,,,,,,485.808,4445.794,485808,4445794,CuevaCaliza
391,2019,En desespoir de Cause,485651.0,4445694.0,384,,40,40,,,Altitude 3,,,,,,,,,,,,,,,,,,,,,,485.651,4445.694,485651,4445694,EnDesespoirDeCause
392,2019,P10,486410.0,4445941.0,414,,10,10,,,Altitude 3,,,,,,,,,,,,,,,,,,,,,,486.41,4445.941,486410,4445941,P10
393,2019,petite Grotte,485737.0,4445148.0,278,,20,6,,,Altitude 3,,,,,,,,,,,,,,,,,,,,,,485.737,4445.148,485737,4445148,PetiteGrotte
394,2019,Gouffre Halal,485812.0,4445780.0,,,128,105,,,Altitude 3,,,,,,,,,,,,,,,,,,,,,,485.812,4445.78,485812,4445780,GouffreHalal
395,2019,Gouffre A l'Aïl,485537.0,4445627.0,359,,71,46,,,Altitude 3,,,,,,,,,,,,,,,,,,,,,,485.537,4445.627,485537,4445627,Gouffralail
396,2019,Gouffre Ma première,485587.0,4445498.0,319,,25,25,,,Altitude 3,,,,,,,,,,,,,,,,,,,,,,485.587,4445.498,485587,4445498,GouffreMaPremiere
397,2019,Gouffre La Grande Traversée,485584.0,4445478.0,319,,86,"-4, +11",,,Altitude 3,,,,,,,,,,,,,,,,,,,,,,485.584,4445.478,485584,4445478,GrandeTraversee
398,2019,Cueva de la Merienda,486478.0,4445928.0,388,,10,2,,,Altitude 3,,,,,,,,,,,,,,,,,,,,,,486.478,4445.928,486478,4445928,CuevaDeLaMerienda
399,2019,Gouffre des Gaugés,485438.0,4445269.0,300,,102,89,,,Altitude 3,,,,,,,,,,,,,,,,,,,,,,485.438,4445.269,485438,4445269,Gauges
400,2019,Gouffre la Pissotière,485816.0,4445878.0,360,,50,24,,,Altitude 3,,,,,,,,,,,,,,,,,,,,,,485.816,4445.878,485816,4445878,Pissotiere
401,2019,Grotte des trois entrées plus une,485649.0,4444763.0,53,,3024,"-54, +78",,,Grotte des trois entrées plus une,,,,,,,,,,,,,,,,,,,,,,485.649,4444.763,485649,4444763,TroisEntreesPlusUne
402,2019,Grotte des quatre entrées plus une,,,,,341,"-32, +40",,,Grotte des quatre entrées plus une,,,,,,,,,,,,,,,,,,,,,,,,0,0,QuatreEntreesPlusUne
403,2019,Punta Blanca,478574.0,4446622.0,,,3100,,,,Punta Blanca,,,,,,,,,,,,,,,,,,,,,,478.574,4446.622,478574,4446622,PuntaBlanca
404,2019,Gouffre de la Chatiere,485795.0,4444848.0,36,,120,36,,,Punta Blanca,,,,,,,,,,,,,,,,,,,,,,485.795,4444.848,485795,4444848,TrouDeLaChattiere
405,2019,Résurgence Hongo,478745.0,4446553.0,0,,380,29,,,Punta Blanca,,,,,,,,,,,,,,,,,,,,,,478.745,4446.553,478745,4446553,ResurgenceHongo
406,2019,PN01,477817.0,4446753.0,60,,30,10,,,Punta Negra,,,,,,,,,,,,,,,,,,,,,,477.817,4446.753,477817,4446753,PN01
407,2019,PN02,477795.0,4446685.0,60,,15,15,,,Punta Negra,,,,,,,,,,,,,,,,,,,,,,477.795,4446.685,477795,4446685,PN02
408,2019,Gouffre Jackpot,482804.0,4447950.0,369,,987,265,,,Grand Cirque,,,,,,,,,,,,,,,,,,,,,,482.804,4447.95,482804,4447950,GouffreJackpot
409,2019,PC4 - Perte Cirque 4,482664.0,4447782.0,362,,20,12,,,Grand Cirque,,,,,,,,,,,,,,,,,,,,,,482.664,4447.782,482664,4447782,PerteCirque4
410,2019,Resurgence de la Petite Chinoise,486340.0,4445620.0,,,340,83,,,secteur petite chinoise,,,,,,,,,,,,,,,,,,,,,,486.34,4445.62,486340,4445620,PetiteChinoise
411,2019,Cueva Cascada,478605.0,4447058.0,,,230,52,,,Punta Blanca,,,,,,,,,,,,,,,,,,,,,,478.605,4447.058,478605,4447058,CuevaCascada
412,2019,Paraiso de las duchas,485880.0,4445791.0,,,218,133,,,Altitude 3,,,,,,,,,,,,,,,,,,,,,,485.88,4445.791,485880,4445791,ParaisoDeLasDuchas
413,2019,Moulin Rêve Bleu,577225.0,4604263.0,,,64,32,,,Secteur Nord,,,,,,,,,,,,,,,,,,,,,,577.225,4604.263,577225,4604263,MoulinReveBleu
414,2019,Perte Saloude,577141.0,4603383.0,,,,,,,Secteur Nord,,,,,,,,,,,,,,,,,,,,,,577.141,4603.383,577141,4603383,PerteSaloude
415,2019,Moulin de glace,577289.0,4604031.0,122,,8,8,,,Secteur Nord,,,,,,,,,,,,,,,,,,,,,,577.289,4604.031,577289,4604031,MoulinDeGlace
416,2019,Lac 2,577528.0,4603955.0,,,,12,,,Secteur Nord,,,,,,,,,,,,,,,,,,,,,,577.528,4603.955,577528,4603955,Lac2
417,2019,Lac Tic et Tac,577555.0,4603901.0,,,,,,,Secteur Nord,,,,,,,,,,,,,,,,,,,,,,577.555,4603.901,577555,4603901,LacTicEtTac
418,2019,Cueva Esperanza,576150.0,4598655.0,250,,70,25,,,Secteur Sud,,,,,,,,,,,,,,,,,,,,,,576.15,4598.655,576150,4598655,CuevaEsperanza
419,2019,Fuite Prometteuse,575691.0,4601178.0,,,40,22,,,Secteur Sud,,,,,,,,,,,,,,,,,,,,,,575.691,4601.178,575691,4601178,FuitePrometteuse
420,2019,Traversée de la Cascade,576183.0,4600809.0,,,12,3,,,Secteur Sud,,,,,,,,,,,,,,,,,,,,,,576.183,4600.809,576183,4600809,TraverseeDeLaCascade
421,2019,L'abri sous glace,576064.0,4600782.0,,,10,2,,,Secteur Sud,,,,,,,,,,,,,,,,,,,,,,576.064,4600.782,576064,4600782,AbriSousGlace
422,2019,Salto del Agua,575588.0,4601180.0,,,8,8,,,Secteur Sud,,,,,,,,,,,,,,,,,,,,,,575.588,4601.18,575588,4601180, SaltoDelAgua
423,2019,Moulin Abou,575786.0,4601270.0,,,20,16,,,Secteur Sud,,,,,,,,,,,,,,,,,,,,,,575.786,4601.27,575786,4601270, MoulinAbou
424,2019,Moulin Tapis Volant,575977.0,4601227.0,,,20,15,,,Secteur Sud,,,,,,,,,,,,,,,,,,,,,,575.977,4601.227,575977,4601227,MoulinTapisVolant
425,2019,Traversée,575925.0,4601038.0,,,25,10,,,Secteur Sud,,,,,,,,,,,,,,,,,,,,,,575.925,4601.038,575925,4601038,Traversee
426,2019,Moulin du Champignon,576005.0,4597166.0,,,20,?,,,Secteur Sud,,,,,,,,,,,,,,,,,,,,,,576.005,4597.166,576005,4597166,MoulinDuChampignon
427,2019,Traversee du meandre 1,577950.0,4597074.0,,,30,4,,,Secteur Sud,,,,,,,,,,,,,,,,,,,,,,577.95,4597.074,577950,4597074,TraverseeDuMeandre1
428,2019,Traversee du meandre 2,578009.0,4597133.0,,,15,2,,,Secteur Sud,,,,,,,,,,,,,,,,,,,,,,578.009,4597.133,578009,4597133,TraverseeDuMeandre2
429,2019,Moulin de glace,576724.0,4597385.0,,,7,7,,,Secteur Sud,,,,,,,,,,,,,,,,,,,,,,576.724,4597.385,576724,4597385,MoulinDeGlace
430,2019,Moulin de la Conception,575986.0,4597099.0,,,30,?,,,Secteur Sud,,,,,,,,,,,,,,,,,,,,,,575.986,4597.099,575986,4597099,MoulinDeLaConception
431,2019,Cueva Tempanos - Entrée 1,575384.0,4601618.0,48,,190,58,,,Secteur Sud,,,,,,,,,,,,,,,,,,,,,,575.384,4601.618,575384,4601618,CuevaTempanosEntree1
432,2019,Cueva Tempanos - Entrée 2,575379.0,4601714.0,36,,,,,,Secteur Sud,,,,,,,,,,,,,,,,,,,,,,575.379,4601.714,575379,4601714,CuevaTempanosEntree2
433,2019,Cueva Tempanos - Entrée 3,575465.0,4601707.0,58,,,,,,Secteur Sud,,,,,,,,,,,,,,,,,,,,,,575.465,4601.707,575465,4601707,CuevaTempanosEntrée3
434,2006,Surgencia fin del Seno,482476.0,4427291.0,0,,,,,,Seno Norte,,,,,,,,,,,,,,,,,,,,,,,,,,ResurgenceFinDeSeno
435,2006ITA,Los Tres Rios,488833,4451227,325,,,,,,Seno Egg,,,,,,,,,,,,,,,,,,,,,,,,,,LosTresRios
436,2008ENG, Haciendas Salinas,490183,4452320,66,,,,,,Seno Egg,,,,,,,,,,,,,,,,,,,,,,,,,,HaciendasSalinas
437,2006ITA, Cueva del Dragon,489409,4452098,187,,,,,,Seno Egg,,,,,,,,,,,,,,,,,,,,,,,,,,CuevaDelDragon
437,2008ENG, Cueva del Zorro,490088,4452354,105,,,,,,Seno Egg,,,,,,,,,,,,,,,,,,,,,,,,,,CuevaDelZorro
438,2006, Grotte du Finistere,472739,4416716,37,,,,,,Guarello,,,,,,,,,,,,,,,,,,,,,,,,,,GrotteFinistere
439,2006, Perte Glaciaire,472988,4417752,100,,,,,,Guarello,Coordonnees probablement fausses,,,,,,,,,,,,,,,,,,,,,,,,,PerteGlaciaire
440,2006, Cueva Torse Oublie,473117,4426008,444,,,,,,Soplador,,,,,,,,,,,,,,,,,,,,,,,,,,CuevaTorseOublie
441,2006, Pozo Al rato,470997,4424711,380,,,,,,Soplador,,,,,,,,,,,,,,,,,,,,,,,,,,PozoAlRato
442,2006, Pozo de los Cinquetenos,471314,4425650,386,,,,,,Soplador,,,,,,,,,,,,,,,,,,,,,,,,,,PozoDeLosCinquetenos
443,2006, Perte des Sabliers,473093,4426314,452,,,,,,Soplador,,,,,,,,,,,,,,,,,,,,,,,,,,PerteDesSabliers
444,2006,Resurgence des Lobos, 479668,4427696,0,,,,,,Condors,,,,,,,,,,,,,,,,,,,,,,,,,,ResurgenceLobos
445,2006, Systeme des Condors,479379,4428572,141,,,,,,Condors,,,,,,,,,,,,,,,,,,,,,,,,,,SystemeCondors
446,2006, Systeme des Condors,479379,4428572,141,,,,,,Condors,,,,,,,,,,,,,,,,,,,,,,,,,,SystemeCondors
447,2006, Gouffre du petit creux,479379,4428572,141,,,,,,Roberto,,,,,,,,,,,,,,,,,,,,,,,,,,GouffrePetitCreux
