UP,Nom_complet,X (UTM 18 Sud),Y (UTM 18 Sud),Alt.,Dev. Topo,Dev.estim�,Prof.,Topo.,Termine?,Secteur,Commentaire,Explorateurs,ARCHEO,,,,,,,,,,,,,,,,,,,X (UTM 18 Sud),Y (UTM 18 Sud),,
2008,Perte du Masque et de la Plume,473667,4416955,90,1156,,-66,oui,oui,Guarello,Instrument�,,,,,,,,,,,,,,,,,,,,,473.667,4416.955,473667,4416955
2008,El Abrito del Viento,469367,4421504,407,430,20,-197,oui,oui,Madre de Dios (Bande de Gr�s Sud),arr�t sur Voute Mouillante tr�s �troite,,,,,,,,,,,,,,,,,,,,,469.367,4421.504,469367,4421504
2008,Sumidero Piquante,469510,4421914,191,450,,-147,oui,oui,Madre de Dios (Bande de Gr�s Sud),arr�t sur m�andre trop �troit,,,,,,,,,,,,,,,,,,,,,469.51,4421.914,469510,4421914
2008,Gouffre d'Aguilucho,470302,4421526,73,302,,-97,oui,non,Madre de Dios (Bande de Gr�s Sud),Siphon amont / aval,,,,,,,,,,,,,,,,,,,,,470.302,4421.526,470302,4421526
2008,Exurgence du Picaflor,470298,4421336,10,40,,5,oui,oui,Madre de Dios (Bande de Gr�s Sud),R�surgence,,,,,,,,,,,,,,,,,,,,,470.298,4421.336,470298,4421336
2008,Porche de l'Impatience,470940,4420800,30,50,,20,topo,oui,Madre de Dios (Bande de Gr�s Sud),Coordonn�es (pointage carte) / tectonique,,,,,,,,,,,,,,,,,,,,,471,4420.8,471000,4420800
2008,Pequina Sud,,,,,20,-17,croquis,oui,Madre de Dios (Bande de Gr�s Sud),,,,,,,,,,,,,,,,,,,,,,,,0,0
2008,Sima del Col,469700,4421477,348,,30,-30,croquis,oui,Madre de Dios (Bande de Gr�s Sud),,,,,,,,,,,,,,,,,,,,,,469.7,4421.477,469700,4421477
2008,MD/BDGS01,470451,4422187,192,,,,non,non,Madre de Dios (Bande de Gr�s Sud),"cavit� non explor�e (salle, arr�t sur P20)",,,,,,,,,,,,,,,,,,,,,470.451,4422.187,470451,4422187
2008,MD/BDGS02,469167,4420570,461,,,,,oui,Madre de Dios (Bande de Gr�s Sud),Zone de pertes colmat� par les gr�s / fin de prospection bande de gr�s,,,,,,,,,,,,,,,,,,,,,469.167,4420.57,469167,4420570
2008,MD/BDGS03,470593,4421961,71,,20,-15,non,oui,Madre de Dios (Bande de Gr�s Sud),,,,,,,,,,,,,,,,,,,,,,470.593,4421.961,470593,4421961
2008,MD/BDGS04,469430,4420543,536,,,,,non,Madre de Dios (Bande de Gr�s Sud),puits sur lapiaz rep�r� (P40),,,,,,,,,,,,,,,,,,,,,469.43,4420.543,469430,4420543
2008,MD/BDG05,469163,4421761,310,,,,,non,Madre de Dios (Bande de Gr�s Sud),P15 rep�r� non descendu : fin prospection bande de gr�s sud,,,,,,,,,,,,,,,,,,,,,469.163,4421.761,469163,4421761
2008,Grotte du Plein Cintre,473616,4425884,215,500,50,-1.323529412,oui,oui,Madre de Dios (Mont Roberto Est),"R�surgence (arr�t sur siphon, intstrument�)",,,,,,,,,,,,,,,,,,,,,473.616,4425.884,473616,4425884
2008,Emergence du Barillet,472922,4425932,436,64,,21,oui,oui,Madre de Dios (Mont Roberto Est),Amont de la d�tente,,,,,,,,,,,,,,,,,,,,,472.922,4425.932,472922,4425932
2008,Gouffre de la Gachette,473027,4425922,428,,40,-15,croquis,oui,Madre de Dios (Mont Roberto Est),cavit� explor�e (jonction avec puits d'entr�e de la D�tente),,,,,,,,,,,,,,,,,,,,,473.027,4425.922,473027,4425922
2008,Perte de l'Acharn�,473027,4425450,334,,45,-43,croquis,oui,Madre de Dios (Mont Roberto Est),,,,,,,,,,,,,,,,,,,,,,473.027,4425.45,473027,4425450
2008,Perte sans nom,,,,,25,-15,croquis,oui,Madre de Dios (Mont Roberto Est),30 m�tres au dessus de la D�tente,,,,,,,,,,,,,,,,,,,,,,,0,0
2008,Perte n� 18,473067,4425846,422,57,,-34,oui,oui,Madre de Dios (Mont Roberto Est),,,,,,,,,,,,,,,,,,,,,,473.067,4425.846,473067,4425846
2008,R�surgence de la plage,471328,4422992,3,380,,-0.892857143,topo,non,Madre de Dios (Mont Roberto Ouest),arr�t sur galerie exond� post S1 (-28m/200m),,,,,,,,,,,,,,,,,,,,,471.328,4422.992,471328,4422992
2008,Grotte de l'Evier,473527,4428264,195,75,,-60,oui,non,Madre de Dios (Perte du Temps),arr�t sur puits � finir par beau temps : entr�e de la perte du temps ?,,,,,,,,,,,,,,,,,,,,,473.527,4428.264,473527,4428264
2008,Bob l'Eponge,473372,4427993,200,,60,-40,croquis,oui,Madre de Dios (Perte du Temps),"petite perte, arr�t sur siphon",,,,,,,,,,,,,,,,,,,,,473.372,4427.993,473372,4427993
2008,Cueva Gringa,472980,4428693,154,,30,-30,croquis,oui,Madre de Dios (Perte du Temps),petite perte,,,,,,,,,,,,,,,,,,,,,472.98,4428.693,472980,4428693
2008,Cueva 10H10,468779,4427269,80,341,160,-0.304347826,topo,non,Madre de Dios (Plage Baleine),,,,,,,,,,,,,,,,,,,,,,468.779,4427.269,468779,4427269
2008,Abri Cotier,468749,4428616,2,80,,5,topo,oui,Madre de Dios (Plage Baleine),Occupation humaine,,OUI,,,,,,,,,,,,,,,,,,,468.749,4428.616,468749,4428616
2008,Grotte du bout du monde,,,40,125,,-15,oui,non,Madre de Dios (Plage Baleine),arr�t sur rien! ,,,,,,,,,,,,,,,,,,,,,,,0,0
2008,R�surgence 3 plage de la Baleine,,,,,,,croquis,non,Madre de Dios (Plage Baleine),200 l/s (os de baleine),,,,,,,,,,,,,,,,,,,,,,,0,0
2008,R�surgence 5 plage de la Baleine,,,,,,,croquis,non,Madre de Dios (Plage Baleine),500 l/s (os de baleine),,,,,,,,,,,,,,,,,,,,,,,0,0
2008,R�surgence 9 plage de la Baleine,468617,4427344,40,,10,0,croquis,non,Madre de Dios (Plage Baleine),arr�t sur escalade,,,,,,,,,,,,,,,,,,,,,468.617,4427.344,468617,4427344
2008,Grotte 20 plage de la Baleine,468950,4428050,20,,40,,croquis,oui,Madre de Dios (Plage Baleine),,,,,,,,,,,,,,,,,,,,,,468.95,4428.05,468950,4428050
2008,Abri du Cerfeuil,469246,4429044,183,,,,oui,oui,Madre de Dios (Plage Baleine),Occupation humaine,,OUI,,,,,,,,,,,,,,,,,,,469.246,4429.044,469246,4429044
2008,Cueva Ayayema,476883,4424327,,,,,,oui,Madre de Dios (Senio Eleuterio),Coordonn�es 2000 fausses (repointage 2008),,,,,,,,,,,,,,,,,,,,,476.883,4424.327,476883,4424327
2008,Grotte du Dyke,476461,4423410,,,,,,oui,Madre de Dios (Senio Eleuterio),Callote hoxipitale,,OUI,,,,,,,,,,,,,,,,,,,476.461,4423.41,476461,4423410
2008,R�surgence du Champignon,477682,4426231,0,,,,,non,Madre de Dios (Senio Eleuterio),r�surgences sous marine rep�r� (-25 m�tres),,,,,,,,,,,,,,,,,,,,,477.682,4426.231,477682,4426231
2008,Cueva La-Bas,472569,4429495,270,429,,-233,oui,oui,Madre de Dios (Soublette),arr�t sur siphon,,,,,,,,,,,,,,,,,,,,,472.569,4429.495,472569,4429495
2008,Perte des Dents,472991,4429200,250,505,,-160,oui,oui,Madre de Dios (Soublette),arr�t sur siphon,,,,,,,,,,,,,,,,,,,,,472.991,4429.2,472991,4429200
2008,Sima Juanito,472888,4429344,233,205,,-134,topo,non,Madre de Dios (Soublette),arr�t sur rien (attention � la crue),,,,,,,,,,,,,,,,,,,,,472.888,4429.344,472888,4429344
2008,Cueva Ardilla,472675,4429462,245,,70,-70,topo,non,Madre de Dios (Soublette),arr�t sur ?,,,,,,,,,,,,,,,,,,,,,472.675,4429.462,472675,4429462
2008,Pozo en Bosque,472620,4429466,237,,35,-35,croquis,oui,Madre de Dios (Soublette),,,,,,,,,,,,,,,,,,,,,,472.62,4429.466,472620,4429466
2008,Pozo 2 en Caliza,472373,4429958,300,,70,-70,croquis,oui,Madre de Dios (Soublette),,,,,,,,,,,,,,,,,,,,,,472.373,4429.958,472373,4429958
2008,Pozo 1 en Caliza,472414,4429499,281,,30,-30,croquis,oui,Madre de Dios (Soublette),,,,,,,,,,,,,,,,,,,,,,472.414,4429.499,472414,4429499
2008,MD/SOU01,472798,4429403,260,,50,-30,croquis,oui,Madre de Dios (Soublette),,,,,,,,,,,,,,,,,,,,,,472.798,4429.403,472798,4429403
2008,MD/SOU02,472768,4429435,265,,50,-35,croquis,oui,Madre de Dios (Soublette),,,,,,,,,,,,,,,,,,,,,,472.768,4429.435,472768,4429435
2008,Doline Calafate,473125,4428203,250,,,,non,non,Madre de Dios (Soublette),"rebouch�e par �boulis, restes arch�ologiques",,OUI,,,,,,,,,,,,,,,,,,,473.125,4428.203,473125,4428203
2008,Cueva Pirates,490220,4452363,10,370,300,40,topo,non,Madre de Dios (Trinidad),r�surgence (courant d'air arr�t sur puits),,,,,,,,,,,,,,,,,,,,,790.22,4452.363,790220,4452363
2008,Cueva No Time,490289,4451286,35,,640,-0.6,croquis,non,Madre de Dios (Trinidad),2 entr�es,,,,,,,,,,,,,,,,,,,,,490.289,4451.286,490289,4451286
2008,R�surgence NoTime,490289,4451286,3,,70,8,croquis,non,Madre de Dios (Trinidad),D�bit estim�: 1m3/s,,,,,,,,,,,,,,,,,,,,,490.289,4451.286,490289,4451286
2008,Cueva Rapido1,482677,4454593,20,,240,45,croquis,oui,Madre de Dios (Trinidad),3 entr�es,,,,,,,,,,,,,,,,,,,,,482.677,4454.593,482677,4454593
2008,Cueva Rapido2,482677,4454593,30,,150,30,croquis,oui,Madre de Dios (Trinidad),2 entr�es,,,,,,,,,,,,,,,,,,,,,482.677,4454.593,482677,4454593
2008,Cueva Nutria,490541,4453870,20,,50,20,croquis,oui,Madre de Dios (Trinidad),Occupation humaine,,OUI,,,,,,,,,,,,,,,,,,,490.541,4453.87,490541,4453870
2008,Porche,490289,4451286,70,,50,,croquis,oui,Madre de Dios (Trinidad),Porche,,,,,,,,,,,,,,,,,,,,,490.289,4451.286,490289,4451286
2008,Grotte,490604,4450548,,,35,,croquis,oui,Madre de Dios (Trinidad),,,,,,,,,,,,,,,,,,,,,,490.604,4450.548,490604,4450548
2008,Abri,475478,4450597,5,,,,croquis,oui,Madre de Dios (Trinidad),Occupation humaine,,OUI,,,,,,,,,,,,,,,,,,,475.478,4450.597,475478,4450597
2008,Porche,476260,4449342,30,,30,,croquis,oui,Madre de Dios (Trinidad),3 entr�es,,,,,,,,,,,,,,,,,,,,,476.26,4449.342,476260,4449342
2008,Abri,476162,4461336,2,,,,croquis,oui,Madre de Dios (Trinidad),Occupation humaine,,OUI,,,,,,,,,,,,,,,,,,,476.162,4461.336,476162,4461336
2008,Cueva Rien,475729,4450525,,,,,croquis,oui,Madre de Dios (Trinidad),3 grottes,,,,,,,,,,,,,,,,,,,,,475.729,4450.525,475729,4450525
2008,Grotte des 3 Porches,485618,4444774,60,280,120,-1.882352941,topo,non,Madre deDios (Barros Luco),arr�t sur puits,,,,,,,,,,,,,,,,,,,,,485.618,4444.774,485618,4444774
2008,Grotte des 3 Porches,485602,4444774,60,,,,,oui,Madre deDios (Barros Luco),Occupation humaine,,OUI,,,,,,,,,,,,,,,,,,,485.602,4444.774,485602,4444774
2008,Cueva des los Pescadores,482449,4444663,40,200,,40,topo,oui,Madre deDios (Barros Luco),r�surgence,,,,,,,,,,,,,,,,,,,,,482.449,44446.63,482449,44446630
2008,R�surgence 2 du Canyon,478266,4438945,0,40,,-2,topo,non,Madre deDios (Barros Luco),arr�t sur galerie exond� post S1 (-4m/30m),,,,,,,,,,,,,,,,,,,,,478.266,4438.945,478266,4438945
2008,R�surgence 3,485684,4444706,0,,,,,non,Madre deDios (Barros Luco),2 m3/s,,,,,,,,,,,,,,,,,,,,,485.684,4444.706,485684,4444706
2008,Grotte de Tarlton,468000,4417000,30,,100,,croquis,oui,Tarlton (Pointe pacifique),Coordonn�es (pointage carte) / Int�r�t karsto,,,,,,,,,,,,,,,,,,,,,468,4417,468000,4417000
2008,TAR01,470651,4418054,294,,,,non,non,Tarlton (sud grand col),"cavit� rep�r�e, non explor�e",,,,,,,,,,,,,,,,,,,,,470.651,4418.054,470651,4418054
2008,TAR02,470567,4417883,380,,,,non,non,Tarlton (sud grand col),"cavit� rep�r�e, non explor�e",,,,,,,,,,,,,,,,,,,,,470.567,4417.883,470567,4417883
2008,TAR03,470359,4417650,525,,,,non,non,Tarlton (sud grand col),"cavit� rep�r�e, non explor�e",,,,,,,,,,,,,,,,,,,,,470.359,4417.65,470359,4417650
2008,TAR04,470446,4417762,476,,,,non,non,Tarlton (sud grand col),"cavit� rep�r�e, non explor�e",,,,,,,,,,,,,,,,,,,,,470.446,4417.762,470446,4417762
2008,TAR05,470679,4418000,340,,,,non,non,Tarlton (sud grand col),"cavit� rep�r�e, non explor�e (plus d'autres cavit�s dans le m�me secteur)",,,,,,,,,,,,,,,,,,,,,470.679,4418,470679,4418000
2010,Perte Inattendue,472890,4429492,294,1274,1274,-226,OK,non,Camp 1,Perte sur contact gr�s calcaires. Un moins un aflfuent p�n�trable n'a pas �t� topographi�.,"Florence, Laurent, Jo, Olivier T, Thomas, C�dric",,,,,,,,,,,,,,,,,,,,472.89,4429.492,472890,4429492
2010,La Perte Ambr�e,472672,4429457,249,103,103,-81,topo,oui,Camp 1,arr�t m�andre imp�n�trable,"Laurent C, Pierre",,,,,,,,,,,,,,,,,,,,472.672,4429.457,472672,4429457
2010,Cueva de Las Lapas,,,,,3,3,croquis,oui,Camp 1,,"Richard, Olivier T, Jean-Francois P",,,,,,,,,,,,,,,,,,,,,,0,0
2010,porche,471557,4429685,399,,,?,,?,Camp 1,Porche jef (voir + bas),Laurent M,,,,,,,,,,,,,,,,,,,,471.557,4429.685,471557,4429685
2010,perte/faille,472343,4429312,309,,?,?,,?,Camp 1,,Laurent M,,,,,,,,,,,,,,,,,,,,472.343,4429.312,472343,4429312
2010,sortie travers�e,471527,4429604,415,,?,?,,?,Camp 1,,Laurent M,,,,,,,,,,,,,,,,,,,,471.527,4429.604,471527,4429604
2010,Trou serrure entr�e,471546,4429667,407,,?,?,,?,Camp 1,,Laurent M,,,,,,,,,,,,,,,,,,,,471.546,4429.667,471546,4429667
2010,grotte jef,471601,4429940,413,,,?,,,Camp 1,h9.5 prof10m long20m,Laurent M,,,,,,,,,,,,,,,,,,,,471.601,4429.94,471601,4429940
2010,Aven grd diam,471184,4431010,275,,,?,,,Camp 1,axe probable sur faille,Laurent M,,,,,,,,,,,,,,,,,,,,471.184,4431.01,471184,4431010
2010,perte 2,472620,4429463,249,,,?,,,camp1,,,,,,,,,,,,,,,,,,,,,,472.62,4429.463,472620,4429463
2010,Perte des 4 champi,474306,4431894,207,420,420,-165,OK,non,Camp 2,Explor� mais non topo jusqu'� -200 env. arr�t sur rien,"Sylvain, C�dric, Jos�, Olivier G, Isa, ",,,,,,,,,,,,,,,,,,,,474.306,4431.894,474306,4431894
2010,Golden Igue,,,,0,90,-73,topo,oui,Camp 2,"jonction � la voix avec la perte des 4 champi, � proximit� du James Bonde","Florian, Olivier G",,,,,,,,,,,,,,,,,,,,,,0,0
2010,Gouffre de la Gazelle,474630,4432456,153,505,505,-65,OK,oui,Camp 2,"explo topo �quipe 1 du camp 2 (""les doigts bleus"") le 31/01/2010. Gazelle et Alouette communiquent (m�me sans radio�)","Arnaud, Fabien, Bruno, Denis, Steph",,,,,,,,,,,,,,,,,,,,474.63,4432.456,474630,4432456
2010,Ev�que Cauchon,474370,4432520,74,235,235,-58,topo,oui,Camp 2,"D�couverte par equipe 1 du camp 2 le 02/02/2010. Topographi� ensuite par �quipe du camp 4. Acc�s collecteur local, d�bit >100 L/s","C�dric, Vanessa, Bruno, Didier, Fabien, St�phane, Denis, Arnauld",,,,,,,,,,,,,,,,,,,,474.37,4432.52,474370,4432520
2010,James Bonde,474215,4431943,230,0,70,-54,topo,oui,Camp 2,A proximit� du Golden Igue,"Florian, Olivier G",,,,,,,,,,,,,,,,,,,,474.215,4431.943,474215,4431943
2010,Perte Notocanada ,,,,,35,-35,croquis,oui,Camp 2,"Deux puits qui s'enchainent, fractur�s.",,,,,,,,,,,,,,,,,,,,,,,0,0
2010,Grotte de la fausse Pucelle,475586,4431730,130,117,117,-30,topo,oui,Camp 2,"red�couverte par �quipe 1 du camp 2 le 01/02/2010 (d�couverte ""oubli�e"" (non topo) par Richard et Jo en raid-�clair en 2000 depuis camp perte du Temps), env. 3 m3/s en crue. Situ�e une centaine de m�tres en amont (vers l'est) de la Fausse Pucelle).",Les doigts bleus,,,,,,,,,,,,,,,,,,,,475.586,4431.73,475586,4431730
2010,Grotte de la Cacahuete,,,,186,186,-21,OK,oui,Camp 2,"red�couverte par �quipe 1 du camp 2 le 01/02/2010 (d�couverte ""oubli�e"" (non topo) par Richard et Jo en raid-�clair en 2000 depuis camp perte du Temps), situ�e une cinquantaine de m�tres en rive droite de la perte de la Jeanne dans un renfoncement de falaise.",Les doigts bleus,,,,,,,,,,,,,,,,,,,,,,0,0
2010,Perte du Jump,474413,4431894,191,,15,-15,croquis,oui,Camp 2,Perte sur faille,"Olivier G, Sylvain",,,,,,,,,,,,,,,,,,,,474.413,4431.894,474413,4431894
2010,Grotte Grande Soeur,468326,4422439,360,0,20,-13,croquis,oui,Camp 2,,Florian,,,,,,,,,,,,,,,,,,,,468.326,4422.439,468326,4422439
2010,Faille du Coinceur,474282,4432118,190,0,11,-11,croquis,oui,Camp 2,Descente sur un coinceur et un spit: on n'a g�ch� qu'un seul spit,Florian,,,,,,,,,,,,,,,,,,,,474.282,4432.118,474282,4432118
2010,Igue du Plouc,474109,4432134,200,0,12,-9,croquis,oui,Camp 2,"""enfin une igue sur MDD""",Florian,,,,,,,,,,,,,,,,,,,,474.109,4432.134,474109,4432134
2010,Cueva de la fin de Matinas,474488,4432062,170,0,20,-6,croquis,oui,Camp 2,plus de temps � enfiler la combi que d'explo!,Florian,,,,,,,,,,,,,,,,,,,,474.488,4432.062,474488,4432062
2010,Porche de la Crevette,,,,,10,-5,croquis,oui,Camp 2,"Porche effondr�, sans suite �vidente",Les doigts bleus,,,,,,,,,,,,,,,,,,,,,,0,0
2010,Perte de la Jeanne d'Arc,,,,,0,0,croquis,oui,Camp 2,"Perte gigantesque, >1 m3/s. Imp�n�trable car effondr�e",Les doigts bleus,,,,,,,,,,,,,,,,,,,,,,0,0
2010,Grotte de l'Alouette,474630,4432456,153,,,,topo,oui,Camp 2,"explo topo �quipe 1 du camp 2 (""les doigts bleus"") le 31/01/2010. Gazelle et Alouette communiquent (m�me sans radio�)",,,,,,,,,,,,,,,,,,,,,474.63,4432.456,474630,4432456
2010,Perte du Coypo,472905,4434743,253,283,283,-191,OK,oui,Camp 3,Perte tr�s active pr�sentant de beaux puits et un superbe m�andre.,"Jean-Francois H, Thomas, Florian, Olivier T",,,,,,,,,,,,,,,,,,,,472.905,4434.743,472905,4434743
2010,Gouffre F�lin,473028,4434786,258,294,294,-121,OK,oui,Camp 3,beau r�seau de puits,"Olivier T, Isa, Florian, Thomas",,,,,,,,,,,,,,,,,,,,473.028,4434.786,473028,4434786
2010,Puits du Bourdon,473145,4434865,249,107,107,-48,topo,oui,Camp 3,"puits donnant sur un superbe m�andre cannel�, arr�t sur �troiture","Isa, Olivier T",,,,,,,,,,,,,,,,,,,,473.145,4434.865,473145,4434865
2010,Gros Trou,473023,4434914,252,30,30,-15,topo,oui,Camp 3,aven s'ouvrant dans le gr�s,"Isa, Olivier T",,,,,,,,,,,,,,,,,,,,473.023,4434.914,473023,4434914
2010,R�surgence,472899,4435932,34,,10,0,,oui,Camp 3,"R�surgence sur faille, imp�n�trable","Isa, Olivier T",,,,,,,,,,,,,,,,,,,,472.899,4435.932,472899,4435932
2010,R�surgence,472591,4435495,119,,0,0,,oui,Camp 3,R�surgence non p�n�trable,"Isa, Olivier T",,,,,,,,,,,,,,,,,,,,472.591,4435.495,472591,4435495
2010,R�surgence,472563,4435496,121,,0,0,,oui,Camp 3,R�surgence non p�n�trable,"Isa, Olivier T",,,,,,,,,,,,,,,,,,,,472.563,4435.496,472563,4435496
2010,Trou des Canelures,473390,4434247,316,,,,,?,Camp 3,,Isa,,,,,,,,,,,,,,,,,,,,473.39,4434.247,473390,4434247
2010,Perte,473289,4434576,305,,,,,?,Camp 3,Perte � voir ,"Olivier T, Isa",,,,,,,,,,,,,,,,,,,,473.289,4434.576,473289,4434576
2010,Aven C301,473096,4434992,334,,,,,?,Camp 3,P30 non descendu peu interessant,"Isa, Olivier T",,,,,,,,,,,,,,,,,,,,473.096,4434.992,473096,4434992
2010,Perte,474168,4435461,157,,,,,?,Camp 3,Perte � voir,"Olivier T, Isa",,,,,,,,,,,,,,,,,,,,474.168,4435.461,474168,4435461
2010,Aven,472629,4435676,105,,,,,?,Camp 3,Perte tr�s tr�s int�ressante � aller voir,"Isa, Olivier T",,,,,,,,,,,,,,,,,,,,472.629,4435.676,472629,4435676
2010,La Rabasse 3,473138,4437000,325,0,145,-50,croquis,oui,Camp 4,,Jos�/Buldo/Vanessa,,,,,,,,,,,,,,,,,,,,473.138,4437,473138,4437000
2010,Secteur Barros Luco,473081,4438618,385,0,130,-50,croquis,oui,Camp 4,,Jos�/Vanessa/Buldo/Sergio,,,,,,,,,,,,,,,,,,,,473.081,4438.618,473081,4438618
2010,La Rabasse 1,473185,4437080,337,0,92,-40,croquis,oui,Camp 4,,Jos�/Buldo/Vanessa,,,,,,,,,,,,,,,,,,,,473.185,4437.08,473185,4437080
2010,Cueva 3,473614,4437045,273,0,61,-35,croquis,oui,Camp 4,,Jos�/C�dric,,,,,,,,,,,,,,,,,,,,473.614,4437.045,473614,4437045
2010,Cueva 7,473794,4437339,294,0,51,-35,croquis,oui,Camp 4,,Jos�,,,,,,,,,,,,,,,,,,,,473.794,4437.339,473794,4437339
2010,Cueva 1,473598,4437045,290,0,52,-30,croquis,oui,Camp 4,,Jos�/C�dric,,,,,,,,,,,,,,,,,,,,473.598,4437.045,473598,4437045
2010,Cueva 11,473527,4437152,338,0,38,-28,croquis,oui,Camp 4,,Serge/Jean Phi/C�dric,,,,,,,,,,,,,,,,,,,,473.527,4437.152,473527,4437152
2010,Cueva du T�l�phone,473512,4437140,340,0,38,-26,croquis,oui,Camp 4,,Vanessa/Serge,,,,,,,,,,,,,,,,,,,,473.512,4437.14,473512,4437140
2010,Cueva 8,473749,4437328,309,0,30,-26,croquis,oui,Camp 4,,C�dric,,,,,,,,,,,,,,,,,,,,473.749,4437.328,473749,4437328
2010,cueva,473423,4437558,492,0,30,-25,croquis,oui,Camp 4,,"Buldo, Jos�, Jean Phi",,,,,,,,,,,,,,,,,,,,473.423,4437.558,473423,4437558
2010,Trou du Marteau,473607,4437277,386,0,25,-21,croquis,oui,Camp 4,Situ� au dessus du camp 4 arr�t sur �boulis (peu d'interr�),Cedric/Vanessa/Serge,,,,,,,,,,,,,,,,,,,,473.607,4437.277,473607,4437277
2010,La Rabasse 2,473066,4437002,311,0,35,-20,croquis,oui,Camp 4,,Jos�/Buldo/Vanessa,,,,,,,,,,,,,,,,,,,,473.066,4437.002,473066,4437002
2010,cueva,473378,4437631,526,0,25,-20,croquis,non,Camp 4,,"Buldo, Jos�, Jean phi",,,,,,,,,,,,,,,,,,,,473.378,4437.631,473378,4437631
2010,cueva,473005,,401,0,20,-20,croquis,oui,Camp 4,,"Buldo, Jos�, Jean Phi",,,,,,,,,,,,,,,,,,,,473.005,,473005,0
2010,Cueva,473524,4437766,469,0,20,-20,croquis,oui,Camp 4,,"Buldo, Jos�, Jean Phi",,,,,,,,,,,,,,,,,,,,473.524,4437.766,473524,4437766
2010,Cueva 10,473535,4437264,347,0,45,-15,croquis,oui,Camp 4,,Jos�/C�dric,,,,,,,,,,,,,,,,,,,,473.535,4437.264,473535,4437264
2010,Secteur Barros Luco,473581,4437960,393,0,30,-15,croquis,oui,Camp 4,,Jos�/Vanessa/Buldo/Sergio,,,,,,,,,,,,,,,,,,,,473.581,4437.96,473581,4437960
2010,Cueva 2,473619,4437025,268,0,28,-15,croquis,oui,Camp 4,,Jos�/C�dric,,,,,,,,,,,,,,,,,,,,473.619,4437.025,473619,4437025
2010,Cueva,473196,4437124,274,0,20,-15,croquis,oui,Camp 4,,"Jos�, Serge, Vanessa, Buldo, Jean Phi",,,,,,,,,,,,,,,,,,,,473.196,4437.124,473196,4437124
2010,Secteur Barros Luco,473081,4438618,385,0,20,-12,croquis,oui,Camp 4,,Jos�/Vanessa/Buldo/Sergio,,,,,,,,,,,,,,,,,,,,473.081,4438.618,473081,4438618
2010,Secteur Barros Luco,473580,4437961,393,0,13,-10,croquis,oui,Camp 4,,Jos�/Vanessa/Buldo/Sergio,,,,,,,,,,,,,,,,,,,,473.58,4437.961,473580,4437961
2010,Cueva 12,473519,4437155,335,0,33,-8,croquis,oui,Camp 4,,Serge/Jean Phi/C�dric (porche),,,,,,,,,,,,,,,,,,,,473.519,4437.155,473519,4437155
2010,Cueva 5,473690,4437099,272,0,24,-8,croquis,oui,Camp 4,,Jos�/C�dric,,,,,,,,,,,,,,,,,,,,473.69,4437.099,473690,4437099
2010,Cueva 13,473520,4437115,8,0,15,-8,croquis,oui,Camp 4,,Serge/Jean Phi/C�dric,,,,,,,,,,,,,,,,,,,,473.52,4437.115,473520,4437115
2010,Secteur Barros Luco,473276,4437291,412,0,15,-8,croquis,oui,Camp 4,,Jos�/Vanessa/Buldo/Sergio,,,,,,,,,,,,,,,,,,,,473.276,4437.291,473276,4437291
2010,Porche 2 Os de Baleine,471000,4440731,9,0,120,15,croquis,oui,Camp 4 Plage Pacifique,D�couverte d'ossements de baleine et de lobos (photos disponibles),Jean Phi/C�dric (os baleine+coquillages),,,,,,,,,,,,,,,,,,,,471,4440.731,471000,4440731
2010,Porche 1,470851,4437247,13,0,50,30,croquis,oui,Camp 4 Plage Pacifique,"Porche situ� avant la plage du Pacifique sur la rive gauche de la rivi�re (visible depuis la fin du lapiaz du camp 4, le porche s'ouvre 30 m au-dessus de la rivi�re) Pas de d�couverte particuli�re.",Jean Phi/C�dric (Plage Pacifique),,,,,,,,,,,,,,,,,,,,470.851,4437.247,470851,4437247
2010,C4T2,473138,4437000,325,,,,,,Camp 4,,Buldo,,,,,,,,,,,,,,,,,,,,473.138,4437,473138,4437000
2010,C4T3,473066,4437002,310,,,,,,Camp 4,,Buldo,,,,,,,,,,,,,,,,,,,,473.066,4437.002,473066,4437002
2010,Cueva 4,473670,4437075,270,,,,,,Camp 4,,C�dric,,,,,,,,,,,,,,,,,,,,473.67,4437.075,473670,4437075
2010,C4T1,473185,4437080,337,,,,,,Camp 4,,Buldo,,,,,,,,,,,,,,,,,,,,473.185,4437.08,473185,4437080
2010,C3,473587,4437133,303,,,,,,Camp 4,,Buldo,,,,,,,,,,,,,,,,,,,,473.587,4437.133,473587,4437133
2010,C4 Cueva 6,473735,4437228,306,,,,,,Camp 4,,,,,,,,,,,,,,,,,,,,,,473.735,4437.228,473735,4437228
2010,C4 Cueva 9,473607,4437277,385,,,,,,Camp 4,,C�dric,,,,,,,,,,,,,,,,,,,,473.607,4437.277,473607,4437277
2010,C4 SansNom10,473652,4437656,397,,,,,,Camp 4,,C�dric,,,,,,,,,,,,,,,,,,,,473.652,4437.656,473652,4437656
2010,C4 SansNom 9,473683,4437677,381,,,,,,Camp 4,,C�dric,,,,,,,,,,,,,,,,,,,,473.683,4437.677,473683,4437677
2010,C4 Nfissure 0,473577,4438008,389,,,,,,Camp 4,,C�dric,,,,,,,,,,,,,,,,,,,,473.577,4438.008,473577,4438008
2010,C4 SansNom 8,473579,4438420,361,,,,,,Camp 4,,C�dric,,,,,,,,,,,,,,,,,,,,473.579,4438.42,473579,4438420
2010,C4 SansNom 7,473601,4438564,347,,,,,,Camp 4,,C�dric,,,,,,,,,,,,,,,,,,,,473.601,4438.564,473601,4438564
2010,C4 SansNom 6,473616,4438593,342,,,,,,Camp 4,,C�dric,,,,,,,,,,,,,,,,,,,,473.616,4438.593,473616,4438593
2010,C5 Cueva2,473599,4438718,337,,,,,,Camp 4,,C�dric,,,,,,,,,,,,,,,,,,,,473.599,4438.718,473599,4438718
2010,C4 SansNom 1,473407,4438857,403,,,,,,Camp 4,,C�dric,,,,,,,,,,,,,,,,,,,,473.407,4438.857,473407,4438857
2010,C4 SansNom 4,473028,4438978,312,,,,,,Camp 4,,C�dric,,,,,,,,,,,,,,,,,,,,473.028,4438.978,473028,4438978
2010,C5 Cueva3,473077,4439130,313,,,,,,Camp 4,,C�dric,,,,,,,,,,,,,,,,,,,,473.077,4439.13,473077,4439130
2010,C4 SansNom 3,473044,4439162,307,,,,,,Camp 4,,C�dric,,,,,,,,,,,,,,,,,,,,473.044,4439.162,473044,4439162
2010,C5 Cueva1,473343,4439239,391,,,,,,Camp 4,,C�dric,,,,,,,,,,,,,,,,,,,,473.343,4439.239,473343,4439239
2010,Cueva de la casquette,473652,4437656,397,0,70,-48,croquis,oui,Camp 5 Secteur Barros Luco,Entr�e �troite de la largeur du corps beau donnantsur un puit vertical style cath�drale de 30m (cavit� avec plusieurs entr�es),Cedric/Vanessa/Serge,,,,,,,,,,,,,,,,,,,,473.652,4437.656,473652,4437656
2010,Champignon,473344,4439239,391,0,60,-45,croquis,oui,Camp 5 Secteur Barros Luco,Situ� au dessus du camp 5 pr�s du seul champignon du secteur. Gros puit vertical de plus de 40m qui suit une faille,Cedric,,,,,,,,,,,,,,,,,,,,473.344,4439.239,473344,4439239
2010,Gouffre du Colibri,473077,4439130,313,,56,-30,topo,non,Camp 5 Doline vers Pacifique,Gouffre d'�ffondrement ouvert avec possibilit� de continuation mais �boulis instable (plus grosse entr�e de la doline),Cedric/Jose/JeanPhilippe/Serge,,,,,,,,,,,,,,,,,,,,473.077,4439.13,473077,4439130
2010,Trou de la Plaquette,473683,4437677,382,0,45,-23,croquis,oui,Camp 5 Secteur Barros Luco,salle d'effondrement ouverte qui fait au gouffre de la casquette dans un alignement de gouffres qui se suivent vers le Barros Luco,Cedric/Vanessa/Serge,,,,,,,,,,,,,,,,,,,,473.683,4437.677,473683,4437677
2010,Porche du Sonnar,473599,4438718,338,0,26,-20,croquis,oui,Camp 5 Secteur Barros Luco,arr�t sur �boulis,Cedric/Jose/JeanPhilippe/Serge,,,,,,,,,,,,,,,,,,,,473.599,4438.718,473599,4438718
2010,Abri du Gazon,470883,4433935,35,,20,0,non,oui,Desconocido,Grand porche 20m de diam�tre dans le gr�s en bord de plage,"Olivier T, Florian",,,,,,,,,,,,,,,,,,,,470.883,4433.935,470883,4433935
2010,R�surgence,,,,,15,0,non,oui,Desconocido,Siphon p�n�trable 1m3/s,"Olivier T, Florian",,,,,,,,,,,,,,,,,,,,,,0,0
2010,R�surgence,,,,,10,0,no,oui,Desconocido,siphon,"Olivier T, Florian",,,,,,,,,,,,,,,,,,,,,,0,0
2010,R�surgence,,,,,10,0,non,oui,Desconocido,siphon,"Olivier T, Florian",,,,,,,,,,,,,,,,,,,,,,0,0
2010,L'Abri-g�te,470380,4431713,1,,5,0,non,oui,Desconocido,Abri de quelques m2 avec des semblants d'occupation,"Olivier T, Florian",OUI,,,,,,,,,,,,,,,,,,,470.38,4431.713,470380,4431713
2010,Grotte du Rapace,472046,4433537,84,0,50,6,croquis,non,Desconocido,"joli petit m�andre, arr�t sur tr�mie, deux petits d�part laiss�, sans grand int�r�t","Olivier T, Florian",,,,,,,,,,,,,,,,,,,,472.046,4433.537,472046,4433537
2010,Grotte du Sud,470163,4431420,2,40,40,15,topo,oui,Desconocido,Porche de 40m x20m,"Florian, Olivier T",,,,,,,,,,,,,,,,,,,,470.163,4431.42,470163,4431420
2010,Grotte de l'Oursin,471984,4433604,50,175,175,25,OK,non,Desconocido,"R�surgence fossile (?) avec gros courant d'air, au pied du lapiaz. Campement nomade probable. Patelles, os, charbons. Colobris troglox�nes morts. Jolies excentriques et concretionnement ","Olivier T, Isa, Florian, Thomas, Jean Francois H",,,,,,,,,,,,,,,,,,,,471.984,4433.604,471984,4433604
2010,Cueva de la Madre,470109,4431220,28,532,532,-0.9,OK,non,Desconocido,Porche d'entr�e 60m haut par 125m de large. arr�t sur une E6 sur faille facile. ,"Florian, Olivier T",,,,,,,,,,,,,,,,,,,,470.109,4431.22,470109,4431220
2010,Porche,471491,4431944,20,,,,,?,Desconocido,Porche en bordure de lage non explor�. Traces humaines tres certaines.Porche 10mx5m � aller voir,"Jean Francois H, Thomas, Olivier T",,,,,,,,,,,,,,,,,,,,471.491,4431.944,471491,4431944
2010,Grotte du Nord,471003,4434013,0,,,,en cours,oui,Desconocido,"Petite cavit� en bord de mer avec charbons, ossement, ar�tes de poisson","Olivier T, Florian",,,,,,,,,,,,,,,,,,,,471.003,4434.013,471003,4434013
2010,Gouffre de la D�tente,473050,4425902,445,,160,-323,OK,oui,D�tente,d�v total: 800m,,,,,,,,,,,,,,,,,,,,,473.05,4425.902,473050,4425902
2010,Gouffre instantan�,,,,0,45,-20,en cours,oui,D�tente,50m de la d�tente. idem Aven?,"St�phane, Laurent M",,,,,,,,,,,,,,,,,,,,,,0,0
2010,Aven,473026,4425860,450,,,,,,D�tente,a explorer - photo 221,,,,,,,,,,,,,,,,,,,,,473.026,4425.86,473026,4425860
2010,Aven,473542,4426174,357,0,,,,,D�tente,P20? photo 200-202,,,,,,,,,,,,,,,,,,,,,473.542,4426.174,473542,4426174
2010,Gouffre 36,469283,4422857,392,,50,-45,croquis,oui,Lobos,,"Denis, Olivier T",,,,,,,,,,,,,,,,,,,,469.283,4422.857,469283,4422857
2010,Gouffre des Mousquetaires,469809,4422763,298,,56,-44,topo,oui,Lobos,arr�t sur tr�mie,"Arnauld, Laurent C, C�dric",,,,,,,,,,,,,,,,,,,,469.809,4422.763,469809,4422763
2010,Gouffre de l'Arche,469950,4422849,310,,,-32,topo,oui,Lobos, arr�t m�andre imp�n�trable,"C�dric, Arnault, Laurent C",,,,,,,,,,,,,,,,,,,,469.95,4422.849,469950,4422849
2010,Gouffre du Canyon,,,,,75,-29,topo,non,Lobos,"Suite de petits ressauts dans m�andre. arr�t sur tr�mie, suite visible mais imp�n�trable","Arnauld, Denis, Olivier T",,,,,,,,,,,,,,,,,,,,,,0,0
2010,Gouffre � la t�te d'Ours,469828,4422922,332,,25,-22,croquis,oui,Lobos,,Olivier T,,,,,,,,,,,,,,,,,,,,469.828,4422.922,469828,4422922
2010,Aven,469300,4422855,322,0,20,-20,,oui,Lobos,"Beau puits 20m, porche 8mx4m, bouch�","Olivier T, Denis",,,,,,,,,,,,,,,,,,,,469.3,4422.855,469300,4422855
2010,Grotte de Lobos Secos,469869,4422885,328,,79,-17,topo,oui,Lobos,Sert de camp pour la zone Lobos,"Laurent C, Denis, Arnauld, C�dric, Olivier T",,,,,,,,,,,,,,,,,,,,469.869,4422.885,469869,4422885
2010,Grotte Marion,468214,4423045,339,74,74,-17,topo,oui,Lobos,"explo-topo Thomas et Fabien le 24/01/2010, arr�t sur perte active �troite verticale en crue (qq l/s), ressaut passable sans corde, � faire par temps sec",Fabien Thomas,,,,,,,,,,,,,,,,,,,,468.214,4423.045,468214,4423045
2010,M�andre des Sables,469499,4422846,384,38,38,-15,topo,oui,Lobos,"explo-topo Thomas et Fabien le 24/01/2010, arr�t sur �troiture ponctuelle en roche massive l35 cm � �largir de peu pour passer. Vue sur 3,5 m p�n�trable, tr�s fort courant d'air sortant glacial",Fabien Thomas,,,,,,,,,,,,,,,,,,,,469.499,4422.846,469499,4422846
2010,Grotte de la Conduite,468835,4422513,364,,30,-15,croquis,oui,Lobos,Une conduite forc�e traverse � la perpendiculiare le gouffre form� � partir d'une fracture vers -15m (avec un remplissage t�moin).,"C�dric, Buldo",,,,,,,,,,,,,,,,,,,,468.835,4422.513,468835,4422513
2010,Cueva del Agua,470151,4422766,352,,20,-15,croquis,oui,Lobos,effondrement important termin� sur �boulis. Une bache a permis de recueillir de l'eau en p�riode s�che au camp des Lobos (acc�s facile),"C�dric, Arnauld",,,,,,,,,,,,,,,,,,,,470.151,4422.766,470151,4422766
2010,Aven de la Traverse,467933,4422916,353,35,35,-12,topo,oui,Lobos,explo-topo Thomas et Fabien le 24/01/2010,Fabien Thomas,,,,,,,,,,,,,,,,,,,,467.933,4422.916,467933,4422916
2010,Grotte du Nomade,468873,4422340,354,,67,-9,topo,oui,Lobos,"Situ�e sur la bande de gr�s, cette grotte est un vraisemblable abri temporaire","Arnauld, Denis, Olivier T",OUI,,,,,,,,,,,,,,,,,,,468.873,4422.34,468873,4422340
2010,Grotte Filostik,469520,4422874,291,,24,-8,topo,oui,Lobos,"Courte perte dans laquelle ont �t� trouv�s quelques os, moule, patelles","Isa, Laurent C, Olivier T",,,,,,,,,,,,,,,,,,,,469.52,4422.874,469520,4422874
2010,Porche de la Madre 2,468705,4422852,364,,20,-8,croquis,oui,Lobos,petit porche avec un puit de 5m donnant sur un m�andre avec arr�t sur �boulis,"C�dric, Jean Phi",,,,,,,,,,,,,,,,,,,,468.705,4422.852,468705,4422852
2010,Aven,469418,4422796,294,0,15,-6,,oui,Lobos,P6 qui queute,"Olivier T, Denis",,,,,,,,,,,,,,,,,,,,469.418,4422.796,469418,4422796
2010,Abri,469283,4422170,403,,15,0,non,oui,Lobos,Abri pouvant servir de camp,"Olivier T, Denis, Arnauld",,,,,,,,,,,,,,,,,,,,469.283,4422.17,469283,4422170
2010,Aven,469741,4422253,432,,,,,,Lobos,non descendu,"Olivier T, Denis",,,,,,,,,,,,,,,,,,,,469.741,4422.253,469741,4422253
2010,Grand Aven Triple,468572,4422366,365,,,,,oui,Lobos,"R30 au contact, bouch�",Fabien,,,,,,,,,,,,,,,,,,,,468.572,4422.366,468572,4422366
2010,Perte Ensabl�e,468805,4422367,374,,,,,,Lobos,Grotte au contact gr�s calcaire,Fabien,,,,,,,,,,,,,,,,,,,,468.805,4422.367,468805,4422367
2010,Cueva 1,470582,4422455,581,,,,,,Lobos,"a explorer, grosse entr�e (10/20) dans la mont�e qui va de l'embarcadaire a la caverne des Lobos",C�dric,,,,,,,,,,,,,,,,,,,,470.582,4422.455,470582,4422455
2010,Porche,468379,4422465,357,,,,,oui,Lobos,porche bouch�. Abri au vent,"Olivier T, Denis",,,,,,,,,,,,,,,,,,,,468.379,4422.465,468379,4422465
2010,AVEN ?,470236,4422475,309,,,,,,Lobos,,Olivier T,,,,,,,,,,,,,,,,,,,,470.236,4422.475,470236,4422475
2010,Aven,468258,4422538,415,,,,,,Lobos,non descendu,"Olivier T, Denis",,,,,,,,,,,,,,,,,,,,468.258,4422.538,468258,4422538
2010,Lobos Matos,470178,4422545,303,,,,,,Lobos,"a explorer, beau gouffre d'entr�e (30m sond�)",C�dric,,,,,,,,,,,,,,,,,,,,470.178,4422.545,470178,4422545
2010,aven,470197,4422588,288,,,,,,Lobos,,,,,,,,,,,,,,,,,,,,,,470.197,4422.588,470197,4422588
2010,Aven,468322,4422615,389,,,,,,Lobos,P20 interessant non descendu,"Olivier T, Denis",,,,,,,,,,,,,,,,,,,,468.322,4422.615,468322,4422615
2010,aven,469821,4422749,298,,,,,,Lobos,,,,,,,,,,,,,,,,,,,,,,469.821,4422.749,469821,4422749
2010,Aven,469656,4422828,287,,,,,oui,Lobos,bouch�,"Olivier T, Denis",,,,,,,,,,,,,,,,,,,,469.656,4422.828,469656,4422828
2010,Cueva 5,469763,4422959,310,,,,,,Lobos,"a explorer, dans la doline des lobos",C�dric,,,,,,,,,,,,,,,,,,,,469.763,4422.959,469763,4422959
2010,Cueva 6,469807,4423507,433,,,,,,Lobos,"a explorer, loin au nord",C�dric,,,,,,,,,,,,,,,,,,,,469.807,4423.507,469807,4423507
2010,Perte 1Lobos,468573,4422358,332,,,,,,Lobos,,,,,,,,,,,,,,,,,,,,,,468.573,4422.358,468573,4422358
2010,porche jef = gr audeline,471572,4429671,357,,,,,,Camp 1,,,,,,,,,,,,,,,,,,,,,,471.572,4429.671,471572,4429671
2010,Los Piscoleros,,,,,,,non,oui,Lobos,"Dans une zone de porche, conduite forc�e glaci�re qui part (voir photo)","Antoine, Denis, Olivier G, Vanessa",,,,,,,,,,,,,,,,,,,,,,0,0
2010,Perte des Lobos,467782,4422983,330,556,556,-303,OK,oui,Nomade,,"Florian, ...",,,,,,,,,,,,,,,,,,,,467.782,4422.983,467782,4422983
2010,El Culo de la Madre,468699,4422722,355,,182,-78,topo,oui,Nomade,Grosse entr�e impressionnante qui suit un plan de faille et qui se termine par deux belles salles avec arr�t sur des �boulis.,"Sylvain, C�dric, Buldo",,,,,,,,,,,,,,,,,,,,468.699,4422.722,468699,4422722
2010,La Grotte,468496,4422512,331,0,9,-9,croquis,oui,Nomade,"""inutile d'y aller""",Florian,,,,,,,,,,,,,,,,,,,,468.496,4422.512,468496,4422512
2010,Igue Dedob,468516,4422547,,0,15,-8,croquis,oui,Nomade,"""buldo m'a forc� � y aller"" Flo.",Florian,,,,,,,,,,,,,,,,,,,,468.516,4422.547,468516,4422547
2010,Grotte Petite Soeur,468366,4422459,,0,20,-4,croquis,oui,Nomade,"coups de gouges de 0,1x0,2m",Florian,,,,,,,,,,,,,,,,,,,,468.366,4422.459,468366,4422459
2010,Puits Octopus,467782,4422983,330,,,,,oui,Nomade,jonctionne avec la perte des lobos (coordonn�es des lobos),,,,,,,,,,,,,,,,,,,,,467.782,4422.983,467782,4422983
2010,Gouffre du Kit,470653,4425395,505,0,130,-120,croquis,oui,Quinqua,P100,"Isa, Jos�, Serge",,,,,,,,,,,,,,,,,,,,470.653,4425.395,470653,4425395
2010,Gouffre Cumple Anos,471149,4425341,412,119,168,-81,OK,non,Quinqua,gouffre d'entr�e suivi d'un m�andre au contact gr�s/calcaire. arr�t sur �troiture passable.,"Jean Francois H, Didier, Laurent M, Florence, Olivier T",,,,,,,,,,,,,,,,,,,,471.149,4425.341,471149,4425341
2010,La Marmotte,470988,4425143,,,60,-57,croquis,oui,Quinqua,,"Jos�, Isa, Serge",,,,,,,,,,,,,,,,,,,,470.988,4425.143,470988,4425143
2010,Aven Kinka 4,471051,4425241,428,,60,-40,croquis,oui,Quinqua,vu et descendu par Jos� le 19/01/2010,Jos�,,,,,,,,,,,,,,,,,,,,471.051,4425.241,471051,4425241
2010,Perte,471314,4425512,,,60,-40,croquis,oui,Quinqua,,"Isa, Jos�",,,,,,,,,,,,,,,,,,,,471.314,4425.512,471314,4425512
2010,Aven Kinka 3,471049,4425081,413,,48,-28,croquis,oui,Quinqua,"vu et descendu par �quipe Quinqua 19/01/2010 (Bruno, Jos�, Jo, Fabien et Didier)","Jos�, Bruno, Fabien, Didier",,,,,,,,,,,,,,,,,,,,471.049,4425.081,471049,4425081
2010,Aven,470677,4425348,,,30,-20,croquis,oui,Quinqua,,"Jos�, Isa, Serge",,,,,,,,,,,,,,,,,,,,470.677,4425.348,470677,4425348
2010,Aven,471014,4425120,,,20,-20,croquis,oui,Quinqua,,"Jos�, Isa, Serge",,,,,,,,,,,,,,,,,,,,471.014,4425.12,471014,4425120
2010,Aven -20,471157,4425311,418,,20,-20,,oui,Quinqua,,Mulot,,,,,,,,,,,,,,,,,,,,471.157,4425.311,471157,4425311
2010,Gouffre,471349,4425470,,,,-20,croquis,oui,Quinqua,,"Isa, Jos�",,,,,,,,,,,,,,,,,,,,471.349,4425.47,471349,4425470
2010,Aven Kinka 2,471052,4425189,428,,30,-15,croquis,oui,Quinqua,"vu et descendu par �quipe Quinqua 19/01/2010 (Bruno, Jos�, Jo, Fabien et Didier)","Bruno, Didier, Jo, Fabien, Jos�",,,,,,,,,,,,,,,,,,,,471.052,4425.189,471052,4425189
2010,Aven Kinka 1,471078,4425341,451,,20,-15,croquis,oui,Quinqua,vu et descendu par Fabien et Didier le 19/01/2010,"Fabien, Didier",,,,,,,,,,,,,,,,,,,,471.078,4425.341,471078,4425341
2010,Aven non descendu,471817,4424205,434,,,,,?,Quinqua,,Mulot,,,,,,,,,,,,,,,,,,,,471.817,4424.205,471817,4424205
2010,Aven,471827,4424273,433,,,,,?,Quinqua,a explorer. P30?,Laurent M,,,,,,,,,,,,,,,,,,,,471.827,4424.273,471827,4424273
2010,Aven,471576,4424536,414,,,,,?,Quinqua,a explorer. P30?,Laurent M,,,,,,,,,,,,,,,,,,,,471.576,4424.536,471576,4424536
2010,Grand Aven-Perte,471504,4425157,359,,,,,?,Quinqua,Trou D,,,,,,,,,,,,,,,,,,,,,471.504,4425.157,471504,4425157
2010,TROU A,471073,4425289,433,,,,,?,Quinqua,,Mulot,,,,,,,,,,,,,,,,,,,,471.073,4425.289,471073,4425289
2010,Grande Doline-Perte,471511,4425318,347,,,,,?,Quinqua,imp�n�trable,,,,,,,,,,,,,,,,,,,,,471.511,4425.318,471511,4425318
2010,Aven,470687,4426335,559,,,,,?,Quinqua,Cavit� � voir ,Didier,,,,,,,,,,,,,,,,,,,,470.687,4426.335,470687,4426335
2010,Aven,470676,4426340,561,,,,,?,Quinqua,Cavit� � voir ,Didier,,,,,,,,,,,,,,,,,,,,470.676,4426.34,470676,4426340
2010,Aven,471002,4425391,466,,,,,,Quinqua,,Mulot,,,,,,,,,,,,,,,,,,,,471.002,4425.391,471002,4425391
2010,Travers� du roberto,,,,,,,,oui,Roberto Sud,,"Richard, Olivier T ",,,,,,,,,,,,,,,,,,,,,,0,0
2010,trou noir,,,,,,,,oui,Roberto Sud,,"Richard, Olivier T ",,,,,,,,,,,,,,,,,,,,,,0,0
2010,Sou33,472373,4429958,301,0,80,-70,croquis,oui,Soublette,,,,,,,,,,,,,,,,,,,,,,472.373,4429.958,472373,4429958
2010,Sumidero Ardilla  ,,,,,80,-70,croquis,non,Soublette,,,,,,,,,,,,,,,,,,,,,,,,0,0
2010,Sou30,472620,4429466,237,,40,-35,croquis,oui,Soublette,,,,,,,,,,,,,,,,,,,,,,472.62,4429.466,472620,4429466
2010,Sou31,472414,4429499,281,0,30,-30,croquis,oui,Soublette,,,,,,,,,,,,,,,,,,,,,,472.414,4429.499,472414,4429499
2010,Porche,471623,4430070,388,,10,0,,oui,Soublette,"Porche 20m de large, qui queute","Jean Francois H, Thomas, Olivier T",,,,,,,,,,,,,,,,,,,,471.623,4430.07,471623,4430070
2010,Grotte de l'Audeline,,,,143,143,19,topo,oui,Soublette,travers�e fossile,"Laurent C, Pierre",,,,,,,,,,,,,,,,,,,,,,0,0
2010,Aven,471645,4430061,360,,,,,?,Soublette,"Puits 4m de diam�tre partant en m�andre, � voir","Jean Francois H, Thomas, Olivier T",,,,,,,,,,,,,,,,,,,,471.645,4430.061,471645,4430061
2010,Grotte Sueno,471621,4429939,423,,,,,?,Soublette,Abri � Jeff,"Jean Francois H, Thomas, Olivier T",,,,,,,,,,,,,,,,,,,,471.621,4429.939,471621,4429939
2010,perte 1,,,,,,,,,Camp 1,pas point�e mais juste � cot� de la perte 2 et ambr�e (n�130),,,,,,,,,,,,,,,,,,,,,,,0,0
2014,Perte de la Sucri�re,493130,4308331,399,,120,-80,,oui,A remplir!,termin� � -80,,,,,,,,,,,,,,,,,,,,,493.13,4308.331,493130,4308331
2014,oeil du Diable (ex perte majeure),493244,4309199,315,,368,-81,topo,,A remplir!,Topographie,,,,,,,,,,,,,,,,,,,,,493.244,4309.199,493244,4309199
2014,Perte de la Sucri�re inf�rieure,493001,4308652,330,,203,-84,topo,,A remplir!,Topographie,,,,,,,,,,,,,,,,,,,,,493.001,4308.652,493001,4308652
2014,Trou 1 sur 3eme bloc calcaire,495068,4309020,186,,,,,,A remplir!,,,,,,,,,,,,,,,,,,,,,,495.068,4309.02,495068,4309020
2014,Perte Col 1,493722,4308518,482,,,,,,A remplir!,,,,,,,,,,,,,,,,,,,,,,493.722,4308.518,493722,4308518
2014,Perte des Portes d'Abraham,494398,4309243,163,,483,-135,topo,,A remplir!,Topographie,,,,,,,,,,,,,,,,,,,,,494.398,4309.243,494398,4309243
2014,Cueva Nutria,495399,4309090,20,,176,16 / -15,topo,,A remplir!,Topographie,,,,,,,,,,,,,,,,,,,,,495.399,4309.09,495399,4309090
2014,TC1,493342,4308357,484,,40,-40,,oui,A remplir!,Colmat�,,,,,,,,,,,,,,,,,,,,,493.342,4308.357,493342,4308357
2014,TC2,493337,4308329,488,,30,-30,,oui,A remplir!,Colmat�,,,,,,,,,,,,,,,,,,,,,493.337,4308.329,493337,4308329
2014,TC3,492238,4307919,544,,65,-65,,oui,A remplir!,Colmat�,,,,,,,,,,,,,,,,,,,,,492.238,4307.919,492238,4307919
2014,TC4,493149,4307944,533,,0,0,,,A remplir!,"Imp�n�trable, � d�sober",,,,,,,,,,,,,,,,,,,,,493.149,4307.944,493149,4307944
2014,TC5,493139,4307904,533,,,,,,A remplir!,,,,,,,,,,,,,,,,,,,,,,493.139,4307.904,493139,4307904
2014,TC6,493149,4307879,522,,,,,oui,A remplir!,Colmat�,,,,,,,,,,,,,,,,,,,,,493.149,4307.879,493149,4307879
2014,Le Raccourci,494845,4308933,274,,30,-30,,non,A remplir!,"un P30 non descendu plein lapiaz, voir GPS Buldo",,,,,,,,,,,,,,,,,,,,,494.845,4308.933,494845,4308933
2014,Le Raccourci V�g�tal,495383,4308977,55,,20,-5,,non,A remplir!,petite travers�e avec P5 non descendu GPS Buldo,,,,,,,,,,,,,,,,,,,,,495.383,4308.977,495383,4308977
2014,Tortilla con Lemon,495075,4308714,253,160,160,-32,topo,oui,A remplir!,Int�grale,,,,,,,,,,,,,,,,,,,,,495.075,4308.714,495075,4308714
2014,Trou qui paye pas de mine,,,,108,108,-48,topo,,A remplir!,Topographie,,,,,,,,,,,,,,,,,,,,,,,0,0
2014,Gouffre de l'Erbra,494387,4309486,86,1356,1356,30 / -59,topo,non,A remplir!,"Topographie, plus de 400 m explor�s non toporgaphi�",,,,,,,,,,,,,,,,,,,,,494.387,4309.486,494387,4309486
2014,Regard sur la r�surgence de l'Avenir,494567,4309691,,,,,,,A remplir!,20 m en aval de la perte principale,,,,,,,,,,,,,,,,,,,,,494.567,4309.691,494567,4309691
2014,Gouffre Pacifico,492835,4307760,386,,356,-196,topo,?,A remplir!,"Explo Romain/Seba + Lionel/Natalia + Tigrou/Denis/Steph, topo r�alis�e",,,,,,,,,,,,,,,,,,,,,492.835,4307.76,492835,4307760
2014,Pas de nom,492741,4307760,372,,,,,,A remplir!,,,,,,,,,,,,,,,,,,,,,,492.741,4307.76,492741,4307760
2014,Pas de nom,492538,4307322,344,,,,,,A remplir!,,,,,,,,,,,,,,,,,,,,,,492.538,4307.322,492538,4307322
2014,Pas de nom,492549,4307305,,,,,,,A remplir!,,,,,,,,,,,,,,,,,,,,,,492.549,4307.305,492549,4307305
2014,Perte du col 1,493740,4308750,,,-30,-30,,,A remplir!,Puits sur faille,,,,,,,,,,,,,,,,,,,,,493.74,4308.75,493740,4308750
2014,Perte du col 2,493735,4308575,,,0,0,,,A remplir!,Extr�mit� Nord de la faille,,,,,,,,,,,,,,,,,,,,,493.735,4308.575,493735,4308575
2014,Cueva du Plateau,493877,4308702,,,20,-20,,,A remplir!,,,,,,,,,,,,,,,,,,,,,,493.877,4308.702,493877,4308702
2014,Igue du Dike,493877,4308689,,,20,-20,,,A remplir!,,,,,,,,,,,,,,,,,,,,,,493.877,4308.689,493877,4308689
2014,Pas de nom,493833,4308577,,,0,0,,oui,A remplir!,Perte impenetrable,,,,,,,,,,,,,,,,,,,,,493.833,4308.577,493833,4308577
2014,Igue du Midi,493488,4308749,,,70,-58,,non,A remplir!,arr�t sur m�andre �troit,,,,,,,,,,,,,,,,,,,,,493.488,4308.749,493488,4308749
2014,Igue Enviluc,493487,4308761,,,18,-13,,,A remplir!,,,,,,,,,,,,,,,,,,,,,,493.487,4308.761,493487,4308761
2014,Cueva de la Ma�ana,493354,4308416,,,11,-11,,oui,A remplir!,Colmatage de gr�s,,,,,,,,,,,,,,,,,,,,,493.354,4308.416,493354,4308416
2014,Trou du Cairn,493378,4308649,,,40,-40,,,A remplir!,,,,,,,,,,,,,,,,,,,,,,493.378,4308.649,493378,4308649
2014,Gouffre des Trois Arches,493345,4308371,483,,60,-42,,,A remplir!,arr�t sur Siphon,,,,,,,,,,,,,,,,,,,,,493.345,4308.371,493345,4308371
2014,"Gouffre ""2 spits pour Rien""",492718,4307932,358,,50,-33,,,A remplir!,,,,,,,,,,,,,,,,,,,,,,492.718,4307.932,492718,4307932
2014,P20,494928,4309421,301,,20,-20,,?,A remplir!,"Non descendu, au dessus de l'�mergence d'Abraham",,,,,,,,,,,,,,,,,,,,,494.928,4309.421,494928,4309421
2014,Gouffre No Futur,494209,4303537,438,,40,-40,croquis,,A remplir!,Croquis,,,,,,,,,,,,,,,,,,,,,494.209,4303.537,494209,4303537
2014,Gouffre Retour vers le Futur,494247,4303396,412,133,133,-61,topo,,A remplir!,"Topo, arr�t sur d�sob",,,,,,,,,,,,,,,,,,,,,494.247,4303.396,494247,4303396
2014,Gouffre SansD�conner,495472,4308988,21,,100,-20,croquis,,A remplir!,Sch�ma,,,,,,,,,,,,,,,,,,,,,495.472,4308.988,495472,4308988
2014,Arc 13,492630,4307395,325,,20,-15,croquis,,A remplir!,Sch�ma,,,,,,,,,,,,,,,,,,,,,492.63,4307.395,492630,4307395
2014,Arc 12,492811,4307523,387,,40,-30,croquis,,A remplir!,Sch�ma,,,,,,,,,,,,,,,,,,,,,492.811,4307.523,492811,4307523
2014,Arc 12bis,492811,4307523,387,,20,-15,croquis,,A remplir!,Sch�ma,,,,,,,,,,,,,,,,,,,,,492.811,4307.523,492811,4307523
2014,Arc 3,492744,4307438,368,,45,-30,croquis,,A remplir!,Sch�ma,,,,,,,,,,,,,,,,,,,,,492.744,4307.438,492744,4307438
2014,Arc 4,492791,4307449,380,,20,-20,croquis,,A remplir!,Sch�ma,,,,,,,,,,,,,,,,,,,,,492.791,4307.449,492791,4307449
2014,Gouffre Futur 1,493519,4304030,545,,,,croquis,,A remplir!,Voir Sch�ma Xav,,,,,,,,,,,,,,,,,,,,,493.519,4304.03,493519,4304030
2014,Gouffre Futur 2,493402,4304216,562,,40,-30,croquis,,A remplir!,Voir Sch�ma Xav,,,,,,,,,,,,,,,,,,,,,493.402,4304.216,493402,4304216
2014,Gouffre N�1 Sommet 3,493524,4304050,554,,70,-40,,,A remplir!,Jonctionne avec Gouffre Futur 1 de Tigrou ; arr�t sur �boulis � -40 m,,,,,,,,,,,,,,,,,,,,,493.524,4304.05,493524,4304050
2014,Pas de nom,493405,4304223,557,,40,-30,,oui,A remplir!,Termin� ; M�me gouffre que le Gouffre Futur 2 de Tigrou,,,,,,,,,,,,,,,,,,,,,493.405,4304.223,493405,4304223
2014,Gouffre n�3 sommet 3,493434,4304074,54,,20,-16,,oui,A remplir!,Termin�,,,,,,,,,,,,,,,,,,,,,493.434,4304.074,493434,4304074
2014,Machu-Pichu,492079,4310722,,214,214,16 / -4,topo,?,A remplir!,Topographie,,,,,,,,,,,,,,,,,,,,,492.079,4310.722,492079,4310722
2014,"Gouffre ""Un cul de plus � explorer""",492861,4307876,399,,,,,non,A remplir!,A explorer,,,,,,,,,,,,,,,,,,,,,492.861,4307.876,492861,4307876
2014,Gouffre pr�s du camp du Futur,494155,4303338,407,,20,-20,,non,A remplir!,"A Explorer, P20 mini",,,,,,,,,,,,,,,,,,,,,494.155,4303.338,494155,4303338
2014,Arc 14,492564,4307349,347,,60,-60,,non,A remplir!,"P60 � explorer par temps sec, arr�t sur rien",,,,,,,,,,,,,,,,,,,,,492.564,4307.349,492564,4307349
2014,Cueva del Condor,491290,4307597,230,,763,-110,,,A remplir!,Altitude estim�e ; Systema de los Tubos,,,,,,,,,,,,,,,,,,,,,491.29,4307.597,491290,4307597
2014,Sumidero Escondido,490540,4306695,106,174,174,-55,,oui,A remplir!,Coordonn�es lev�es sur carte ; Termin�e,,,,,,,,,,,,,,,,,,,,,490.54,4306.695,490540,4306695
2014,Surgencia Estrella,492249,4307720,65,,50,20,,non,A remplir!,"Grosse r�surgence, 25 m de long, gros siphon � plonger, galerie remontante sur 20 m",,,,,,,,,,,,,,,,,,,,,492.249,4307.72,492249,4307720
2014,Cueva Estrella,492261,4307711,95,,100,-30,,,A remplir!,"Au dessus de la r�surgence Estrella, Acc�s au collecteur entre 2 siphons",,,,,,,,,,,,,,,,,,,,,492.261,4307.711,492261,4307711
2014,Perte perdue,490540,4306695,106,,25,-10,,oui,A remplir!,Coordonn�es lev�es sur carte ; Termin�e,,,,,,,,,,,,,,,,,,,,,490.54,4306.695,490540,4306695
2014,"Gouffre ""Explor�vitefait""",490470,4306552,101,,100,-60,,oui,A remplir!,Coordonn�es lev�es sur carte ; Termin�e,,,,,,,,,,,,,,,,,,,,,490.47,4306.552,490470,4306552
2014,Puits 1 Jean-Phi,491049,4307630,250,,,,,,A remplir!,Altitude estim�e,,,,,,,,,,,,,,,,,,,,,491.049,4307.63,491049,4307630
2014,Pozo Dyke (System de los Tubas),491165,4307597,,,,,,,A remplir!,Altitude estim�e,,,,,,,,,,,,,,,,,,,,,491.165,4307.597,491165,4307597
2014,Pas de nom,494496,4309737,,,,,topo,,A remplir!,Sur le chemin pour aller � Erbra ; Grotte Topographi�e,,,,,,,,,,,,,,,,,,,,,494.496,4309.737,494496,4309737
2014,Arc 1,492098,4306813,276,,50,-30,croquis,oui,A remplir!,Croquis ; Fini,,,,,,,,,,,,,,,,,,,,,492.098,4306.813,492098,4306813
2014,Arc 11,492226,4306784,260,,50,-30,croquis,oui,A remplir!,Croquis ; Fini,,,,,,,,,,,,,,,,,,,,,492.226,4306.784,492226,4306784
2014,Arc 111,492134,4306635,258,,30,-15,croquis,oui,A remplir!,Croquis ; Fini,,,,,,,,,,,,,,,,,,,,,492.134,4306.635,492134,4306635
2014,Arc 113,491671,4306206,299,,20,-15,croquis,oui,A remplir!,Croquis ; Fini,,,,,,,,,,,,,,,,,,,,,491.671,4306.206,491671,4306206
2014,Arc 114,491307,4306156,259,,40,-20,croquis,oui,A remplir!,Croquis ; Fini,,,,,,,,,,,,,,,,,,,,,491.307,4306.156,491307,4306156
2014,Arc 112 ; Les myst�res de l'ouest,491808,4306374,291,216,216,-71,topo,non,A remplir!,"Topographie faite, arr�t sur Rien, m�andre actif, 50 l/S ; A faire par temps Sec !!!",,,,,,,,,,,,,,,,,,,,,491.808,4306.374,491808,4306374
2014,Gouffre du Robinet,493210,4307750,456,230,230,-91,topo,?,A remplir!,Topographie effectu�e,,,,,,,,,,,,,,,,,,,,,493.21,4307.75,493210,4307750
2014,Arc 20 ou gouffre du Soleil,492409,4307605,212,140,140,-100,topo,non,A remplir!,"Les 30 derniers m�tres sont estim�s, arr�t sur Rien au sommet d'iun P30, dernier point topo sur AN de d�but de MC, avec une croix au dessus, P30 difficile � �quiper car rien ne tient",,,,,,,,,,,,,,,,,,,,,492.409,4307.605,492409,4307605
2014,Arc 19,492487,4307678,229,,60,-50,,non,A remplir!,arr�t du etr. En sommet de P10 non descendu,,,,,,,,,,,,,,,,,,,,,492.487,4307.678,492487,4307678
2014,Arc 18,492484,4307639,224,,48,-37,,?,A remplir!,arr�t sur �boulis,,,,,,,,,,,,,,,,,,,,,492.484,4307.639,492484,4307639
2014,Arc 17,492637,4307761,300,,20,-20,,non,A remplir!,"Perte de canelure, importante,P20 mini,  non explor�e",,,,,,,,,,,,,,,,,,,,,492.637,4307.761,492637,4307761
2014,R�surgence Oubli�e,494941,4309441,,,2,-1,,non,A remplir!,"Coordonn�e estim� sur image satellite ; R�surgence de la perte d'Abraham, prouv� par coloration",,,,,,,,,,,,,,,,,,,,,494.941,4309.441,494941,4309441
2014,R�surgence de l'Avenir,,,,700,700,12 / -39,topo,?,A remplir!,"Topographie, dont 321 m noy�s",,,,,,,,,,,,,,,,,,,,,,,0,0
2017,Ojo de la Madre,484150,4446766,406,190,190,49,oui,oui,Sumidero,"Perte tr�s arros�e, fin sur siphon bas etroit ; dep�ts fluvio-glaciaires ; sp�l�oth�mes pr�lev�s",,,,,,,,,,,,,,,,,,,,,484.15,4446.766,484150,4446766
2017,Ombligo de la Madre,484295,4447150,365,283,283,146,oui,oui,Sumidero,"Belle perte ; 30m x 10m, tube inclin� � 45�, rivi�re cascadante 200L/s. arr�t sur siphon etroit. ",,,,,,,,,,,,,,,,,,,,,484.295,4447.15,484295,4447150
2017,Sumidero ,484486,4447573,,,?,?,non,oui,Sumidero,Perte active mais dans doline bouch�e par �boulement et bois. ,,,,,,,,,,,,,,,,,,,,,484.486,4447.573,484486,4447573
2017,Lagrimas de la Madre,484396,4447498,294,223,223,116,oui,non,Sumidero,"Grand porche 20mx15m ; rivi�re 200L/s ; explor� en partie arr�t sur R3, explo � poursuivre",,,,,,,,,,,,,,,,,,,,,484.396,4447.498,484396,4447498
2017,Sumidero,484535,4448170,198,,?,?,non,oui,Sumidero,Perte active mais dans doline bouch�e par �boulement et bois. ,,,,,,,,,,,,,,,,,,,,,484.535,4448.17,484535,4448170
2017,Garganta,484595,4448213,180,,,,oui,oui,Sumidero,"Grand porche 20mx20m ; rivi�re 1m3/s ; tr�s prometteur, � explorer",,,,,,,,,,,,,,,,,,,,,484.595,4448.213,484595,4448213
2017,Sumidero,484633,4448258,191,,?,?,non,oui,Sumidero,Perte active mais dans doline bouch�e par �boulement et bois. ,,,,,,,,,,,,,,,,,,,,,484.633,4448.258,484633,4448258
2017,Utero de la Madre,484956,4448483,220,770,xxx 770,xxx 182,oui,oui,Sumidero,"Descendu sans corde jusqu'au siphon, beaux volumes, rivi�re active ; traces des inventeurs retrouv�es ; shunt possible du siphon par escalade de 4m dans une galerie sup. ",,,,,,,,,,,,,,,,,,,,,484.956,4448.483,484956,4448483
2017,Sumidero,485157,4448585,225,,?,?,non,oui,Sumidero,"Beau porche, bouch� par effondrement plafond � quelques m�tres de l'entr�e, aller voir derri�re par le dessus des calcaires. ",,,,,,,,,,,,,,,,,,,,,485.157,4448.585,485157,4448585
2017,Sumidero,485495,4447616,317,,?,?,non,oui,Sumidero,Petite perte �troite explor�e sur quelques m�tres; imp�n�trable,,,,,,,,,,,,,,,,,,,,,485.495,4447.616,485495,4447616
2017,agujero,486016,4447774,290,,,,non,non,Sumidero,"Gouffre bordure SE scandinavie, P15 d'entr�e, ruissellements, non descendu",,,,,,,,,,,,,,,,,,,,,486.016,4447.774,486016,4447774
2017,agujero,483835,4446220,417,,,,non,non,Sumidero,Gouffre bordure SE scandinavieTube � 45� de 2m de diam�tre non descendu ; ,,,,,,,,,,,,,,,,,,,,,483.835,4446.22,483835,4446220
2017,R�surgence XXX,478634,4447073,0,220,220,24,oui,non,,R�surgence sous le nveau de la mer,,,,,,,,,,,,,,,,,,,,,478.634,4447.073,478634,4447073
2017,Perte 3,477006,4441940,,,?,?,non,oui,Grande Barri�re,Explo permin�e. Arret � -15,,,,,,,,,,,,,,,,,,,,,477.006,4441.94,477006,4441940
2017,GB1,479866,4441309,356,,?,?,Non,non,Grande Barri�re,"23/01/2017 non descendu, � faire.",,,,,,,,,,,,,,,,,,,,,479.866,4441.309,479866,4441309
2017,GB2,480018,4441221,351,,?,?,Non,non,Grande Barri�re,"23/01/2017 non descendu, � faire.",,,,,,,,,,,,,,,,,,,,,480.018,4441.221,480018,4441221
2017,GB3,479883,4441642,239,,?,?,Non,non,Grande Barri�re,"P 50, � descendre, 23/01/17, non descendu,� faire",,,,,,,,,,,,,,,,,,,,,479.883,4441.642,479883,4441642
2017,Perte 2,476404,4442053,,,?,?,?,?,Grande Barri�re,Pas d'information,,,,,,,,,,,,,,,,,,,,,476.404,4442.053,476404,4442053
2017,GB Trou 1,476668,4441599,303,46,46,41,oui,oui,Grande Barri�re,Calcaire,,,,,,,,,,,,,,,,,,,,,476.668,4441.599,476668,4441599
2017,GB Trou 2,476670,4441599,306,,20,15,croquis,oui,Grande Barri�re,Calcaire,,,,,,,,,,,,,,,,,,,,,476.67,4441.599,476670,4441599
2017,GB Trou 3,476570,4441550,329,,30,25,croquis,oui,Grande Barri�re,Calcaire,,,,,,,,,,,,,,,,,,,,,476.57,4441.55,476570,4441550
2017,GB Trou 5,476811,4441550,298,,?,?,?,?,Grande Barri�re,Calcaire,,,,,,,,,,,,,,,,,,,,,476.811,4441.55,476811,4441550
2017,Gouffre du Totem,476555,4442064,?,,?,?,?,?,Grande Barri�re,"Grosse perte � proximit�du camp GB, descendue jusque -40, arr�t sur trop peur",,,,,,,,,,,,,,,,,,,,,476.555,4442.064,476555,4442064
2017,Deux grottes (double entree),478906,4446437,?,,5,?,non,non,,Rep�r� le 25/01 par Buldo,,,,,,,,,,,,,,,,,,,,,478.906,4446.437,478906,4446437
2017,Chattiere qui buffle,482761,4445427,?,,100,?,non,non,,"arr�t sur rien, � poursuivre (prendre equipement)",,,,,,,,,,,,,,,,,,,,,482.761,4445.427,482761,4445427
2017,Gouffre de la grotte ,479065,4447905,436,,?,?,non,non,Camp Nord,"A descendre. Rep�r� le 25/02/2017 par Natalia, Jean Marc, Laurent, Jo�l (Nord camp du nid du condor)",,,,,,,,,,,,,,,,,,,,,479.065,4447.905,479065,4447905
2017,Mille et une cascade,479490,4447336,361,,?,?,non,non,,"Descendu jusqu'� -20. Arret sur l�vre d'un P10 arros� qui surplombe un gros puits.Proche et � l'Est du camp du nid du condor",,,,,,,,,,,,,,,,,,,,,479.49,4447.336,479490,4447336
2017,Gouffre du camp du nid du condor,479389,4447402,311,,20,15,croquis,,Camp Nord,Etroit.. Mais continue!! Impenetrable,,,,,,,,,,,,,,,,,,,,,479.389,4447.402,479389,4447402
2017,Emergence des tuyaux ( rameur),479490,4447336,?,,?,?,non,non,,"(pas s�r des coordonn�es utm) (coordonn�es : 50�077223 - 075�18.0107) Dans la baie d'acc�s au plateau nord, cot� ouest. Au pied de falaise. Escalade possiblement � faire ( escalade faite par lionel ,denis,david)",,,,,,,,,,,,,,,,,,,,,479.49,4447.336,479490,4447336
2017,Ayay�mal,476491,4441850,292,,?,?,Oui,oui,Grande Barri�re,Pas d'information,,,,,,,,,,,,,,,,,,,,,476.491,4441.85,476491,4441850
2017,Ayay�bo,476217,4441660,314,160,160,96,Oui,Oui,Grande Barri�re,"P28 suivi de 2 puits parall�le, 1 descendu (35m) cot� ""sec"" le 31/01/17 et branche active descendue le 08/02/17, arr�t � -96 sur �troit plein d'eau",,,,,,,,,,,,,,,,,,,,,476.217,4441.66,476217,4441660
2017,GB1 bis,476293,4441568,344,,?,?,non,non,Grande Barri�re,Au dessus du GB 30-01-2017 1. A explorer,,,,,,,,,,,,,,,,,,,,,476.293,4441.568,476293,4441568
2017,Gouffre ,476287,4441655,364,,?,?,non,non,Grande Barri�re,� descendre. P15 avec une fen�tre qui semble donner un acc�s � un puits parall�le.,,,,,,,,,,,,,,,,,,,,,476.287,4441.655,476287,4441655
2017,SANS NOM,476316,4440859,596,,?,?,non,non,Grande Barri�re,S'ouvre au sommet de la cr�te. A explorer. Dans zone assez broy�e. Etre dos au sommet pour voir l'entr�e�,,,,,,,,,,,,,,,,,,,,,476.316,4440.859,476316,4440859
2017,SANS NOM,476028,4441666,277,,?,?,non,non,Grande Barri�re,"Gouffre environ 30m � explorer ? Danger, zone broy�e, paroies instables�",,,,,,,,,,,,,,,,,,,,,476.028,4441.666,476028,4441666
2017,SANS NOM,475784,4441912,388,,?,?,non,non,Grande Barri�re,Porche qui queute proche du contact calcaire gr�s,,,,,,,,,,,,,,,,,,,,,475.784,4441.912,475784,4441912
2017,Cueva de los Gringos,,,??,64,64,47,oui,oui,Camp Nord,"Descendu par Laurence et Arnauld, correspond surement � la grotte des 1001 cascades",,,,,,,,,,,,,,,,,,,,,,,0,0
2017,Gouffre du Chameau,479556,4447204,380,162,162,113,oui,oui,Camp Nord,"A proximit� du camp du champignon, arr�t sur trop �troit � la cote -113m",,,,,,,,,,,,,,,,,,,,,479.556,4447.204,479556,4447204
2017,Perte des t�tes brul�es,,,??,,35,20,croquis,oui,Grande Barri�re,"A proximit� du camp GB, descendu par Arnauld et Lionel jusque -20m, bouch�. Point GPS C�dric ou Lionel",,,,,,,,,,,,,,,,,,,,,,,0,0
2017,perte du Point G,478796,4448311,420,,35,20,croquis,oui,Camp Nord,"Bouch�, d�bit de perte lors de la recon environ 5 L/s",,,,,,,,,,,,,,,,,,,,,478.796,4448.311,478796,4448311
2017,Cueva de la Punta Blanca,478574,4446622,?,2287,2287,14/-44,oui,oui,,d�veloppement explor� 22,,,,,,,,,,,,,,,,,,,,,478.574,4446.622,478574,4446622
2017,GB 07 02-1,475808,4441893,380,,40,30,croquis,oui,Grande Barri�re,Pas d'information,,,,,,,,,,,,,,,,,,,,,475.808,4441.893,475808,4441893
2017,GB 07 02-2,475787,4441900,382,,45,40,croquis,oui,Grande Barri�re,Pas d'information,,,,,,,,,,,,,,,,,,,,,475.787,4441.9,475787,4441900
2017,GB 07 02-3,476036,4441670,295,,30,30,non,non,Grande Barri�re,arr�t sur trou foireux d�lit�,,,,,,,,,,,,,,,,,,,,,476.036,4441.67,476036,4441670
2017,SANS NOM,476576,4441740,281,45,45,43,oui,oui,Grande Barri�re,Gouffre borgne avec quelques paliers sans suite,,,,,,,,,,,,,,,,,,,,,476.576,4441.74,476576,4441740
2017,SANS NOM,476632,4441445,378,,15,15,non,non,Grande Barri�re,Petits puits colmat�,,,,,,,,,,,,,,,,,,,,,476.632,4441.445,476632,4441445
2017,Gouffre du Ziploc,476597,4441532,316,44,44,30,oui,oui,Grande Barri�re,,,,,,,,,,,,,,,,,,,,,,476.597,4441.532,476597,4441532
2017,Punta espolon,474766,4451367,ca 50 m,,200,??,croquis,NON,,"Exploration Anthony, Yannick, Gelo et Franck, lors de l'incursion sur le Pacifique du 05/02/17. Petite cavit� de pied de falaise, rejoignant plusieurs entr�es. Un passage inf�rieur permet de rejoindre un petit actif, se terminant de part et d'autre sur siphon. Explo termin�e.",,,,,,,,,,,,,,,,,,,,,474.766,4451.367,474766,4451367
2017,Cueva d'el cabo vertical,476133,4447399,39,345,345,18/-14,oui,oui,,"Exploration Anthonyet Denis lors de l'incursion sur le Pacifique du 05/02/17.Explo y topo 15-02,Natalia,Buldo,Anton,Richard y Angel. Terminado.Gran porche con tubo/fisura ascendente por el lado sur con peque�o aporte que se cierra. Al norte rampa que lleva a tubo horizontal de buen tama�o, que termina en un pozo de 8 m. que enfrente recibe aporte que abajo del pozo se sifona.",,,,,,,,,,,,,,,,,,,,,476.133,4447.399,476133,4447399
2017,Porche de la coul�e blanche,482764,4445438,25 (estimation),84,84,26,oui,non,,"Le grand porche visible en entrant � droite dans la Bahia Blanca. Rep�r� par Jean-Marc, Jo, Laurent et Franck. Escalade, topo et explo par Yann et Yannick le 13/02017. Escalade de 20 m derri�re le porche d'entr�e permet de prendre pied dans un m�andre, menant d'un c�t� � un autre porche en hauteur et de l'autre continue. Explo en cours.",,,,,,,,,,,,,,,,,,,,,482.764,4445.438,482764,4445438
2017,Exsurgence de la Punta Blanca,478753,4445590,0,,0,0,non,non,,A l'endroit o� l'on gare les zodiacs pour acc�der � la Cueva de la Punta Blanca. Sort sous le niveau de la mer. Plusieurs centaines de litres seconde. Semble plongeable.,,,,,,,,,,,,,,,,,,,,,478.753,446.559,478753,446559
2017,Grotte des Canelures,478876,4447299,"106, donn�e GPS surestim�e",,70,15,croquis,non,,"Rep�r�e et explor�e le 13/02/17 par  Serge, Jos�, Jean-Fran�ois, Natalia et Franck. Vaste porche visible de la plage, au d�part de l'acc�s au camp Nord. Mont�e en 15 min par la for�t puis le long d'une canelure. M�andre parcouru par un faible filet d'eau, explor� sur 50 m sur une branche et 20 sur une autre. arr�t sur passage �troit, l'explo peut �tre consid�r�e comme termin�e.",,,,,,,,,,,,,,,,,,,,,478.876,4447.299,478876,4447299
2017,Las Duchas de San Pedro,482357,4446971,ca 50 m,268,268,"45 (-41, +4)",oui,oui,,"D�couverte par Natalia, Laurent, Jean-Marc et Jo�l. Deux entr�e reli�e patr une galerie exond�e. Un siphon amont explor� depuis l'entr�e inf�rieur, s�rement en connection avec celui de l'entr�e sup�rieure, mais jonction non faite. Le siphon descend jusqu'� -20, remonte � -5 vers la seconde entr�e, puis redescend � -13, terminus des explos. *Siphon de 96 m, -20. ",,,,,,,,,,,,,,,,,,,,,482.357,4446.971,482357,4446971
2017,�t� austral ,480135,4447658,411,105,105,83,oui,oui,Camp Nord, D�couvert et descendu par Anthonie et Yannick le 7 f�vrier ,,,,,,,,,,,,,,,,,,,,,480.135,4447.658,480135,4447658
2017,Trou du carnet ,480211,4447632,429,,20,10,croquis,oui,Camp Nord,descendu par Yannick pour remont� le carnet tomb� par Vicent� le 7 f�vrier,,,,,,,,,,,,,,,,,,,,,480.211,4447.632,480211,4447632
2017,N1,482762,4445436,?,,10,0,croquis,oui,Grande Barri�re,"Prospection et visite , Jos� , Serge et Yannick ",,,,,,,,,,,,,,,,,,,,,482.762,4445.436,482762,4445436
2017,N2,482762,4445436,?,,30,0,croquis ,oui,Grande Barri�re,"Prospection et visite , Jos�, Serge et Yannick ",,,,,,,,,,,,,,,,,,,,,482.762,4445.436,482762,4445436
2017,Gouffre du casque,479879,4447862,347,1600,1600,203,oui,oui,Camp Nord,1389m de topo,,,,,,,,,,,,,,,,,,,,,479.879,4447.862,479879,4447862
2017,Grotte des trois entr�es plus une,,,?,2434,2434,48/-54,oui,non,,"Cavit� �norme, exploration � continuer",,,,,,,,,,,,,,,,,,,,,,,0,0
2017,grottes des dauphins,481705,4438320,5,,323,????,topo,oui,,"Explo et topo Serge , Jos� , Yannick (dessin Yannick )",,,,,,,,,,,,,,,,,,,,,481.705,4438.32,481705,4438320
2017,Cueva Harrico,481244,4440093,29,254,254,85,oui,oui,Grande Barri�re,Situada en las paredes sur de Punta Indice;Escalada desde el mar a gran boca; rampa ascendente y llegamos a un tubo con aire que termina cerrandose; Explo (Anton y Angel),,,,,,,,,,,,,,,,,,,,,481.244,4440.093,481244,4440093
2017,Sumidero del Chorizo Plastico,475551,4442964,285,,50,30,non,oui,Grande Barri�re,Sumidero al otro lado del collado al norte del campamento,,,,,,,,,,,,,,,,,,,,,475.551,4442.964,475551,4442964
2017,SANS NOM,475670,4442920,323,,?,?,?,?,Grande Barri�re,Explorada por( Denis y Anton) Cueva de derrumbe y bloques cercq del Sumidero,,,,,,,,,,,,,,,,,,,,,475.67,4442.92,475670,4442920
2017,SANS NOM,475375,4442069,430,,45,45,non,oui,Grande Barri�re,Sima bajada por David y Anton con craneos de Coivos ,,,,,,,,,,,,,,,,,,,,,475.375,4442.069,475375,4442069
2017,SANS NOM,475272,4442209,460,,?,?,,,Grande Barri�re,Zona de grandes bocas de simas muy interesantes Al menos tres bocas de grqndes dimensiones,,,,,,,,,,,,,,,,,,,,,475.272,4442.209,475272,4442209
2017,CN 16-02-1,479373,4446955,387,,50,40,non,oui,Camp Nord,"Gros gouffre, arr�t � -40",,,,,,,,,,,,,,,,,,,,,479.373,4446.955,479373,4446955
2017,CN 16-02-2,479569,4447160,387,,20,15,non,non,Camp Nord,Gros porche avec arr�t sur �troit,,,,,,,,,,,,,,,,,,,,,479.569,4447.16,479569,4447160
2017,Madame Caf�,479547,4447215,384,66,66,47,oui,oui,Camp Nord,,,,,,,,,,,,,,,,,,,,,,479.547,4447.215,479547,4447215
2017,CN 16-02-4,479795,4447413,405,,25,25,non,oui,Camp Nord,"Gouffre, arr�t � -25",,,,,,,,,,,,,,,,,,,,,479.795,4447.413,479795,4447413
2017,CN 16-02-5,479591,4447357,383,,?,15,non,oui,Camp Nord,Trou pr�s du camp nord 3 avec du d�bit. Il keut � -15,,,,,,,,,,,,,,,,,,,,,479.591,4447.357,479591,4447357
2019,Gouffre Lagrimas,484396,4447498,350,,355,150,,,Sumidero,,,,,,,,,,,,,,,,,,,,,,484.396,4447.498,484396,4447498
2019,Gouffre de l'Arche,486742,4448369,15,,15,15,,,Sumidero,,,,,,,,,,,,,,,,,,,,,,486.742,4448.369,486742,4448369
2019,Cueva Barachos,485779,4445842,375,,10,8,,,Altitude 3,,,,,,,,,,,,,,,,,,,,,,485.779,4445.842,485779,4445842
2019,Cueva Caliza,485808,4445794,370,,200,100,,,Altitude 3,,,,,,,,,,,,,,,,,,,,,,485.808,4445.794,485808,4445794
2019,En desespoir de Cause,485651,4445694,384,,40,40,,,Altitude 3,,,,,,,,,,,,,,,,,,,,,,485.651,4445.694,485651,4445694
2019,P10,486410,4445941,414,,10,10,,,Altitude 3,,,,,,,,,,,,,,,,,,,,,,486.41,4445.941,486410,4445941
2019,petite Grotte,485737,4445148,278,,20,6,,,Altitude 3,,,,,,,,,,,,,,,,,,,,,,485.737,4445.148,485737,4445148
2019,Gouffre Halal,485812,4445780,,,128,105,,,Altitude 3,,,,,,,,,,,,,,,,,,,,,,485.812,4445.78,485812,4445780
2019,Gouffre A l'A�l,485537,4445627,359,,71,46,,,Altitude 3,,,,,,,,,,,,,,,,,,,,,,485.537,4445.627,485537,4445627
2019,Gouffre Ma premi�re,485587,4445498,319,,25,25,,,Altitude 3,,,,,,,,,,,,,,,,,,,,,,485.587,4445.498,485587,4445498
2019,Gouffre La Grande Travers�e,485584,4445478,319,,86,"-4, +11",,,Altitude 3,,,,,,,,,,,,,,,,,,,,,,485.584,4445.478,485584,4445478
2019,Cueva de la Merienda,486478,4445928,388,,10,2,,,Altitude 3,,,,,,,,,,,,,,,,,,,,,,486.478,4445.928,486478,4445928
2019,Gouffre des Gaug�s,485438,4445269,300,,102,89,,,Altitude 3,,,,,,,,,,,,,,,,,,,,,,485.438,4445.269,485438,4445269
2019,Gouffre la Pissoti�re,485816,4445878,360,,50,24,,,Altitude 3,,,,,,,,,,,,,,,,,,,,,,485.816,4445.878,485816,4445878
2019,Grotte des trois entr�es plus une,485649,4444763,53,,3024,"-54, +78",,,Grotte des trois entr�es plus une,,,,,,,,,,,,,,,,,,,,,,485.649,4444.763,485649,4444763
2019,Grotte des quatre entr�es plus une,,,,,341,"-32, +40",,,Grotte des quatre entr�es plus une,,,,,,,,,,,,,,,,,,,,,,,,0,0
2019,Punta Blanca,478574,4446622,,,3100,,,,Punta Blanca,,,,,,,,,,,,,,,,,,,,,,478.574,4446.622,478574,4446622
2019,Gouffre de la Chatiere,485795,4444848,36,,120,36,,,Punta Blanca,,,,,,,,,,,,,,,,,,,,,,485.795,4444.848,485795,4444848
2019,R�surgence Hongo,478745,4446553,0,,380,29,,,Punta Blanca,,,,,,,,,,,,,,,,,,,,,,478.745,4446.553,478745,4446553
2019,PN01,477817,4446753,60,,30,10,,,Punta Negra,,,,,,,,,,,,,,,,,,,,,,477.817,4446.753,477817,4446753
2019,PN02,477795,4446685,60,,15,15,,,Punta Negra,,,,,,,,,,,,,,,,,,,,,,477.795,4446.685,477795,4446685
2019,Gouffre Jackpot,482804,4447950,369,,987,265,,,Grand Cirque,,,,,,,,,,,,,,,,,,,,,,482.804,4447.95,482804,4447950
2019,PC4 - Perte Cirque 4,482664,4447782,362,,20,12,,,Grand Cirque,,,,,,,,,,,,,,,,,,,,,,482.664,4447.782,482664,4447782
2019,Resurgence de la Petite Chinoise,486340,4445620,,,340,83,,,secteur petite chinoise,,,,,,,,,,,,,,,,,,,,,,486.34,4445.62,486340,4445620
2019,Cueva Cascada,478605,4447058,,,230,52,,,Punta Blanca,,,,,,,,,,,,,,,,,,,,,,478.605,4447.058,478605,4447058
2019,Paraiso de las duchas,485880,4445791,,,218,133,,,Altitude 3,,,,,,,,,,,,,,,,,,,,,,485.88,4445.791,485880,4445791
2019,Moulin R�ve Bleu,577225,4604263,,,64,32,,,Secteur Nord,,,,,,,,,,,,,,,,,,,,,,577.225,4604.263,577225,4604263
2019,Perte Saloude,577141,4603383,,,,,,,Secteur Nord,,,,,,,,,,,,,,,,,,,,,,577.141,4603.383,577141,4603383
2019,Moulin de glace,577289,4604031,122,,8,8,,,Secteur Nord,,,,,,,,,,,,,,,,,,,,,,577.289,4604.031,577289,4604031
2019,Lac 2,577528,4603955,,,,12,,,Secteur Nord,,,,,,,,,,,,,,,,,,,,,,577.528,4603.955,577528,4603955
2019,Lac Tic et Tac,577555,4603901,,,,,,,Secteur Nord,,,,,,,,,,,,,,,,,,,,,,577.555,4603.901,577555,4603901
2019,Cueva Esperanza,576150,4598655,250,,70,25,,,Secteur Sud,,,,,,,,,,,,,,,,,,,,,,576.15,4598.655,576150,4598655
2019,Fuite Prometteuse,575691,4601178,,,40,22,,,Secteur Sud,,,,,,,,,,,,,,,,,,,,,,575.691,4601.178,575691,4601178
2019,Travers�e de la Cascade,576183,4600809,,,12,3,,,Secteur Sud,,,,,,,,,,,,,,,,,,,,,,576.183,4600.809,576183,4600809
2019,L'abri sous glace,576064,4600782,,,10,2,,,Secteur Sud,,,,,,,,,,,,,,,,,,,,,,576.064,4600.782,576064,4600782
2019,Salto del Agua,575588,4601180,,,8,8,,,Secteur Sud,,,,,,,,,,,,,,,,,,,,,,575.588,4601.18,575588,4601180
2019,Moulin Abou,575786,4601270,,,20,16,,,Secteur Sud,,,,,,,,,,,,,,,,,,,,,,575.786,4601.27,575786,4601270
2019,Moulin Tapis Volant,575977,4601227,,,20,15,,,Secteur Sud,,,,,,,,,,,,,,,,,,,,,,575.977,4601.227,575977,4601227
2019,Travers�e,575925,4601038,,,25,10,,,Secteur Sud,,,,,,,,,,,,,,,,,,,,,,575.925,4601.038,575925,4601038
2019,Moulin du Champignon,576005,4597166,,,20,?,,,Secteur Sud,,,,,,,,,,,,,,,,,,,,,,576.005,4597.166,576005,4597166
2019,Traversee du meandre 1,577950,4597074,,,30,4,,,Secteur Sud,,,,,,,,,,,,,,,,,,,,,,577.95,4597.074,577950,4597074
2019,Traversee du meandre 2,578009,4597133,,,15,2,,,Secteur Sud,,,,,,,,,,,,,,,,,,,,,,578.009,4597.133,578009,4597133
2019,Moulin de glace,576724,4597385,,,7,7,,,Secteur Sud,,,,,,,,,,,,,,,,,,,,,,576.724,4597.385,576724,4597385
2019,Moulin de la Conception,575986,4597099,,,30,?,,,Secteur Sud,,,,,,,,,,,,,,,,,,,,,,575.986,4597.099,575986,4597099
2019,Cueva Tempanos - Entr�e 1,575384,4601618,48,,190,58,,,Secteur Sud,,,,,,,,,,,,,,,,,,,,,,575.384,4601.618,575384,4601618
2019,Cueva Tempanos - Entr�e 2,575379,4601714,36,,,,,,Secteur Sud,,,,,,,,,,,,,,,,,,,,,,575.379,4601.714,575379,4601714
2019,Cueva Tempanos - Entr�e 3,575465,4601707,58,,,,,,Secteur Sud,,,,,,,,,,,,,,,,,,,,,,575.465,4601.707,575465,4601707